/*
SQLyog Ultimate v13.1.1 (64 bit)
MySQL - 8.0.28 : Database - custom
*********************************************************************
*/

/*!40101 SET NAMES utf8 */;

/*!40101 SET SQL_MODE=''*/;

/*!40014 SET @OLD_UNIQUE_CHECKS=@@UNIQUE_CHECKS, UNIQUE_CHECKS=0 */;
/*!40014 SET @OLD_FOREIGN_KEY_CHECKS=@@FOREIGN_KEY_CHECKS, FOREIGN_KEY_CHECKS=0 */;
/*!40101 SET @OLD_SQL_MODE=@@SQL_MODE, SQL_MODE='NO_AUTO_VALUE_ON_ZERO' */;
/*!40111 SET @OLD_SQL_NOTES=@@SQL_NOTES, SQL_NOTES=0 */;
/*Table structure for table `action` */

DROP TABLE IF EXISTS `action`;

CREATE TABLE `action` (
  `id` int NOT NULL AUTO_INCREMENT,
  `title` text CHARACTER SET utf8mb4 COLLATE utf8mb4_unicode_ci NOT NULL,
  `alias` varchar(255) CHARACTER SET utf8mb4 COLLATE utf8mb4_unicode_ci NOT NULL DEFAULT '',
  `selectionRequired` enum('y','n') CHARACTER SET utf8mb4 COLLATE utf8mb4_unicode_ci NOT NULL DEFAULT 'y',
  `fraction` enum('custom','system','public') CHARACTER SET utf8mb4 COLLATE utf8mb4_unicode_ci NOT NULL DEFAULT 'custom',
  `display` enum('0','1') CHARACTER SET utf8mb4 COLLATE utf8mb4_unicode_ci NOT NULL DEFAULT '1',
  `toggle` enum('y','n') CHARACTER SET utf8mb4 COLLATE utf8mb4_unicode_ci NOT NULL DEFAULT 'y',
  `icon` varchar(255) CHARACTER SET utf8mb4 COLLATE utf8mb4_unicode_ci NOT NULL DEFAULT '',
  PRIMARY KEY (`id`),
  KEY `rowRequired` (`selectionRequired`),
  KEY `type` (`fraction`),
  KEY `toggle` (`toggle`),
  KEY `display` (`display`),
  FULLTEXT KEY `title` (`title`)
) ENGINE=InnoDB AUTO_INCREMENT=59 DEFAULT CHARSET=utf8mb4 COLLATE=utf8mb4_unicode_ci;

/*Data for the table `action` */

insert  into `action`(`id`,`title`,`alias`,`selectionRequired`,`fraction`,`display`,`toggle`,`icon`) values 
(1,'{\"ru\":\"Список\",\"en\":\"List\"}','index','n','system','0','y','resources/images/icons/btn-icon-grid.png'),
(2,'{\"ru\":\"Детали\",\"en\":\"Details\"}','form','y','system','1','y','resources/images/icons/btn-icon-form.png'),
(3,'{\"ru\":\"Сохранить\",\"en\":\"Save\"}','save','y','system','0','y','resources/images/icons/btn-icon-save.png'),
(4,'{\"ru\":\"Удалить\",\"en\":\"Delete\"}','delete','y','system','1','y','resources/images/icons/btn-icon-delete.png'),
(5,'{\"ru\":\"Выше\",\"en\":\"Move up\"}','up','y','system','1','y','resources/images/icons/btn-icon-up.png'),
(6,'{\"ru\":\"Ниже\",\"en\":\"Move down\"}','down','y','system','1','y','resources/images/icons/btn-icon-down.png'),
(7,'{\"ru\":\"Статус\",\"en\":\"Toggle\"}','toggle','y','system','1','y','resources/images/icons/btn-icon-toggle.png'),
(20,'{\"ru\":\"Авторизация\",\"en\":\"Authorization\"}','login','y','system','1','y','resources/images/icons/btn-icon-login.png'),
(33,'{\"ru\":\"Автор\",\"en\":\"Author\"}','author','y','system','1','y','resources/images/icons/btn-icon-author.png'),
(34,'{\"ru\":\"PHP\",\"en\":\"PHP\"}','php','y','system','1','y','resources/images/icons/btn-icon-php.png'),
(35,'{\"ru\":\"JS\",\"en\":\"JS\"}','js','y','system','1','y','resources/images/icons/btn-icon-js.png'),
(36,'{\"ru\":\"Экспорт\",\"en\":\"Export\"}','export','y','system','1','y','resources/images/icons/btn-icon-export.png'),
(37,'{\"ru\":\"Перейти\",\"en\":\"Go to\"}','goto','y','system','1','y','resources/images/icons/btn-icon-goto.png'),
(38,'{\"ru\":\"\",\"en\":\"\"}','rwu','n','system','0','y',''),
(39,'{\"ru\":\"Активировать\",\"en\":\"Activate\"}','activate','y','system','1','y','resources/images/icons/btn-icon-activate.png'),
(40,'{\"ru\":\"Доступные языки\",\"en\":\"Available languages\"}','dict','n','system','1','y',''),
(41,'{\"ru\":\"Запустить\",\"en\":\"Run\"}','run','y','system','1','y',''),
(42,'{\"ru\":\"График\",\"en\":\"Schedule\"}','chart','y','system','1','y','resources/images/icons/btn-icon-chart.png'),
(43,'{\"ru\":\"Вординги\",\"en\":\"Wordings\"}','wordings','y','system','1','y',''),
(44,'{\"ru\":\"Перезапустить\",\"en\":\"Restart\"}','restart','n','system','1','y',''),
(45,'{\"ru\":\"Копировать\",\"en\":\"Copy\"}','copy','y','system','1','y','resources/images/icons/btn-icon-copy.png'),
(47,'{\"ru\":\"Импорт\",\"en\":\"Import\"}','import','y','system','1','y','resources/images/icons/btn-icon-import.png'),
(48,'{\"ru\":\"Восстановить\",\"en\":\"Restore\"}','revert','y','system','1','y','resources/images/icons/revert.png'),
(49,'{\"en\":\"Print\",\"ru\":\"Печать\"}','print','y','system','1','y','resources/images/icons/btn-icon-print.png'),
(50,'{\"en\":\"Cancel\",\"ru\":\"Отменить\"}','cancel','y','system','1','y','resources/images/icons/btn-icon-cancel.png'),
(51,'{\"en\":\"Confirm\",\"ru\":\"Подтвердить\"}','confirm','y','system','1','y','resources/images/icons/btn-icon-confirm.png'),
(52,'{\"en\":\"Deactivate\",\"ru\":\"Деактивировать\"}','deactivate','y','system','1','y','resources/images/icons/field/readonly.png'),
(53,'{\"en\":\"Notify\",\"ru\":\"Уведомить\"}','notify','y','system','1','y',''),
(54,'{\"en\":\"Pay\",\"ru\":\"Оплатить\"}','pay','y','system','1','y','resources/images/icons/btn-icon-pay.png'),
(55,'{\"en\":\"Receipt\",\"ru\":\"Чек\"}','receipt','y','system','1','y','resources/images/icons/receipt.png'),
(56,'{\"en\":\"Refund\",\"ru\":\"Вернуть платеж\"}','refund','y','system','1','y','resources/images/icons/btn-icon-refund.png'),
(57,'{\"en\":\"Reset\",\"ru\":\"Сбросить\"}','reset','y','system','1','y',''),
(58,'{\"en\":\"Start\",\"ru\":\"Начать\"}','start','y','system','1','y','');

/*Table structure for table `admin` */

DROP TABLE IF EXISTS `admin`;

CREATE TABLE `admin` (
  `id` int NOT NULL AUTO_INCREMENT,
  `roleId` int DEFAULT NULL,
  `title` text CHARACTER SET utf8mb4 COLLATE utf8mb4_unicode_ci NOT NULL,
  `email` varchar(255) CHARACTER SET utf8mb4 COLLATE utf8mb4_unicode_ci NOT NULL DEFAULT '',
  `phone` varchar(255) CHARACTER SET utf8 COLLATE utf8_general_ci NOT NULL DEFAULT '',
  `password` varchar(255) CHARACTER SET utf8mb4 COLLATE utf8mb4_unicode_ci NOT NULL DEFAULT '',
  `toggle` enum('y','n') CHARACTER SET utf8mb4 COLLATE utf8mb4_unicode_ci NOT NULL DEFAULT 'y',
  `demo` enum('n','y') CHARACTER SET utf8mb4 COLLATE utf8mb4_unicode_ci NOT NULL DEFAULT 'n',
  `uiedit` enum('n','y') CHARACTER SET utf8mb4 COLLATE utf8mb4_unicode_ci NOT NULL DEFAULT 'n',
  PRIMARY KEY (`id`),
  KEY `profileId` (`roleId`),
  KEY `toggle` (`toggle`),
  KEY `demo` (`demo`),
  KEY `uiedit` (`uiedit`),
  FULLTEXT KEY `title` (`title`),
  CONSTRAINT `admin_ibfk_roleId` FOREIGN KEY (`roleId`) REFERENCES `role` (`id`) ON DELETE CASCADE ON UPDATE CASCADE
) ENGINE=InnoDB AUTO_INCREMENT=33 DEFAULT CHARSET=utf8mb4 COLLATE=utf8mb4_unicode_ci;

/*Data for the table `admin` */

insert  into `admin`(`id`,`roleId`,`title`,`email`,`phone`,`password`,`toggle`,`demo`,`uiedit`) values 
(1,1,'{\"ru\":\"Павел Перминов\",\"en\":\"Pavel Perminov\"}','dev','','*27AEDA0D3A56422C3F1D20DAFF0C8109058134F3','y','n','y'),
(14,12,'{\"ru\":\"John Smith\",\"en\":\"John smith\"}','admin','','*4ACFE3202A5FF5CF467898FC58AAB1D615029441','y','n','n');

/*Table structure for table `alteredField` */

DROP TABLE IF EXISTS `alteredField`;

CREATE TABLE `alteredField` (
  `id` int NOT NULL AUTO_INCREMENT,
  `sectionId` int DEFAULT NULL,
  `fieldId` int DEFAULT NULL,
  `title` text CHARACTER SET utf8mb4 COLLATE utf8mb4_unicode_ci NOT NULL,
  `toggle` enum('y','n') CHARACTER SET utf8mb4 COLLATE utf8mb4_unicode_ci NOT NULL DEFAULT 'y',
  `accessRoles` enum('all','none') CHARACTER SET utf8mb4 COLLATE utf8mb4_unicode_ci NOT NULL DEFAULT 'all',
  `accessExcept` varchar(255) CHARACTER SET utf8mb4 COLLATE utf8mb4_unicode_ci NOT NULL DEFAULT '',
  `rename` text CHARACTER SET utf8mb4 COLLATE utf8mb4_unicode_ci NOT NULL,
  `mode` enum('hidden','readonly','inherit','regular','required') CHARACTER SET utf8mb4 COLLATE utf8mb4_unicode_ci NOT NULL DEFAULT 'inherit',
  `elementId` int DEFAULT NULL,
  `defaultValue` varchar(255) CHARACTER SET utf8mb4 COLLATE utf8mb4_unicode_ci NOT NULL DEFAULT '',
  `jumpSectionId` int DEFAULT NULL,
  `jumpSectionActionId` int DEFAULT NULL,
  `jumpArgs` varchar(255) CHARACTER SET utf8 COLLATE utf8_general_ci NOT NULL DEFAULT '',
  PRIMARY KEY (`id`),
  KEY `sectionId` (`sectionId`),
  KEY `fieldId` (`fieldId`),
  KEY `impact` (`accessRoles`),
  KEY `profileIds` (`accessExcept`(250)),
  KEY `mode` (`mode`),
  KEY `elementId` (`elementId`),
  KEY `toggle` (`toggle`),
  KEY `jumpSectionId` (`jumpSectionId`),
  KEY `jumpSectionActionId` (`jumpSectionActionId`),
  FULLTEXT KEY `title` (`title`),
  FULLTEXT KEY `rename` (`rename`),
  CONSTRAINT `alteredField_ibfk_elementId` FOREIGN KEY (`elementId`) REFERENCES `element` (`id`) ON DELETE SET NULL ON UPDATE CASCADE,
  CONSTRAINT `alteredField_ibfk_fieldId` FOREIGN KEY (`fieldId`) REFERENCES `field` (`id`) ON DELETE CASCADE ON UPDATE CASCADE,
  CONSTRAINT `alteredField_ibfk_jumpSectionActionId` FOREIGN KEY (`jumpSectionActionId`) REFERENCES `section2action` (`id`) ON DELETE SET NULL ON UPDATE CASCADE,
  CONSTRAINT `alteredField_ibfk_jumpSectionId` FOREIGN KEY (`jumpSectionId`) REFERENCES `section` (`id`) ON DELETE SET NULL ON UPDATE CASCADE,
  CONSTRAINT `alteredField_ibfk_sectionId` FOREIGN KEY (`sectionId`) REFERENCES `section` (`id`) ON DELETE CASCADE ON UPDATE CASCADE
) ENGINE=InnoDB AUTO_INCREMENT=283 DEFAULT CHARSET=utf8mb4 COLLATE=utf8mb4_unicode_ci;

/*Data for the table `alteredField` */

insert  into `alteredField`(`id`,`sectionId`,`fieldId`,`title`,`toggle`,`accessRoles`,`accessExcept`,`rename`,`mode`,`elementId`,`defaultValue`,`jumpSectionId`,`jumpSectionActionId`,`jumpArgs`) values 
(216,394,2377,'{\"ru\":\"Результат\",\"en\":\"Result\"}','y','all','','{\"ru\":\"\",\"en\":\"\"}','inherit',1,'',NULL,NULL,''),
(219,6,2435,'{\"ru\":\"Экземпляр\",\"en\":\"Instance\"}','y','all','','{\"ru\":\"\",\"en\":\"\"}','hidden',NULL,'',NULL,NULL,''),
(220,405,6,'{\"ru\":\"Сущность\",\"en\":\"Entity\"}','y','all','','{\"ru\":\"\",\"en\":\"\"}','inherit',NULL,'4',5,7,''),
(225,7,18,'{\"en\":\"Parent section\",\"ru\":\"Вышестоящий раздел\"}','y','all','','','inherit',NULL,'',7,15,''),
(226,7,19,'{\"en\":\"Entity\",\"ru\":\"Сущность\"}','y','all','','','inherit',NULL,'',5,7,''),
(227,7,1554,'{\"en\":\"Link to a parent section by field\",\"ru\":\"Связь с вышестоящим разделом по полю\"}','y','all','','','inherit',NULL,'',6,11,''),
(228,7,503,'{\"en\":\"Sort by\",\"ru\":\"Сортировка\"}','y','all','','','inherit',NULL,'',6,11,''),
(229,7,2211,'{\"en\":\"Group by\",\"ru\":\"Группировка\"}','y','all','','','inherit',NULL,'',6,11,''),
(230,7,2322,'{\"en\":\"Tile\",\"ru\":\"Плитка\"}','y','all','','','inherit',NULL,'',6,11,''),
(231,7,2323,'{\"en\":\"Preview\",\"ru\":\"Превью\"}','y','all','','','inherit',NULL,'',22,75,''),
(232,8,27,'{\"en\":\"Action\",\"ru\":\"Действие\"}','y','all','','','inherit',NULL,'',10,29,''),
(233,11,33,'{\"en\":\"Section\",\"ru\":\"Раздел\"}','y','all','','','inherit',NULL,'',7,15,''),
(234,11,34,'{\"en\":\"Field\",\"ru\":\"Поле\"}','y','all','','','inherit',NULL,'',6,11,''),
(235,11,2313,'{\"en\":\"Further \\/ JOINed field\",\"ru\":\"Поле по ключу\"}','y','all','','','inherit',NULL,'',6,11,''),
(236,11,2196,'{\"en\":\"Parent column\",\"ru\":\"Вышестоящий столбец\"}','y','all','','','inherit',NULL,'',11,33,''),
(237,11,2615,'{\"en\":\"Section\",\"ru\":\"Раздел\"}','y','all','','','inherit',NULL,'',7,15,''),
(238,11,2616,'{\"en\":\"Action\",\"ru\":\"Действие\"}','y','all','','','inherit',NULL,'',8,21,''),
(239,201,1341,'{\"en\":\"Section\",\"ru\":\"Раздел\"}','y','all','','','inherit',NULL,'',7,15,''),
(240,201,1342,'{\"en\":\"Field\",\"ru\":\"Поле\"}','y','all','','','inherit',NULL,'',6,11,''),
(241,201,2385,'{\"en\":\"Element\",\"ru\":\"Элемент\"}','y','all','','','inherit',NULL,'',16,53,''),
(242,201,2621,'{\"en\":\"Section\",\"ru\":\"Раздел\"}','y','all','','','inherit',NULL,'',7,15,''),
(243,201,2622,'{\"en\":\"Action\",\"ru\":\"Действие\"}','y','all','','','inherit',NULL,'',8,21,''),
(244,8,26,'{\"en\":\"Section\",\"ru\":\"Раздел\"}','y','all','','','inherit',NULL,'',7,15,''),
(245,224,1442,'{\"en\":\"Section\",\"ru\":\"Раздел\"}','y','all','','','inherit',NULL,'',7,15,''),
(246,224,1443,'{\"en\":\"Field\",\"ru\":\"Поле\"}','y','all','','','inherit',NULL,'',6,11,''),
(247,224,2314,'{\"en\":\"Further field\",\"ru\":\"Поле по ключу\"}','y','all','','','inherit',NULL,'',6,11,''),
(248,5,2163,'{\"en\":\"Title field\",\"ru\":\"Заголовочное поле\"}','y','all','','','inherit',NULL,'',6,11,''),
(249,5,2244,'{\"en\":\"Set of calendar fields\",\"ru\":\"Комплект календарных полей\"}','y','all','','','inherit',NULL,'',6,11,''),
(250,5,2320,'{\"en\":\"Group files by\",\"ru\":\"Группировать файлы\"}','y','all','','','inherit',NULL,'',6,11,''),
(251,6,6,'{\"en\":\"Entity\",\"ru\":\"Сущность\"}','y','all','','','inherit',NULL,'',5,7,''),
(252,6,12,'{\"en\":\"Which entity keys\",\"ru\":\"Ключи какой сущности\"}','y','all','','','inherit',NULL,'',5,7,''),
(253,6,10,'{\"en\":\"Element\",\"ru\":\"Элемент управления\"}','y','all','','','inherit',NULL,'',16,53,''),
(254,6,9,'{\"en\":\"MySQL column type\",\"ru\":\"Тип столбца MySQL\"}','y','all','','','inherit',NULL,'',2,2,''),
(255,389,2255,'{\"en\":\"Entity\",\"ru\":\"Сущность\"}','y','all','','','inherit',NULL,'',5,7,''),
(256,22,106,'{\"en\":\"Field\",\"ru\":\"Поле\"}','y','all','','','inherit',NULL,'',6,11,''),
(257,101,476,'{\"en\":\"Field\",\"ru\":\"Поле\"}','y','all','','','inherit',NULL,'',6,11,''),
(258,101,2433,'{\"en\":\"Param\",\"ru\":\"Параметр\"}','y','all','','','inherit',NULL,'',405,1628,''),
(259,388,2246,'{\"en\":\"Field\",\"ru\":\"Поле\"}','y','all','','','inherit',NULL,'',6,11,''),
(260,388,2247,'{\"en\":\"Depends on\",\"ru\":\"От какого поля зависит\"}','y','all','','','inherit',NULL,'',6,11,''),
(261,388,2248,'{\"en\":\"Further field\",\"ru\":\"Поле по ключу\"}','y','all','','','inherit',NULL,'',6,11,''),
(262,388,2307,'{\"en\":\"Connector\",\"ru\":\"Коннектор\"}','y','all','','','inherit',NULL,'',6,11,''),
(263,13,1337,'{\"en\":\"Entity of users\",\"ru\":\"Сущность пользователей\"}','y','all','','','inherit',NULL,'',5,7,''),
(264,14,38,'{\"en\":\"Role\",\"ru\":\"Роль\"}','y','all','','','inherit',NULL,'',13,39,''),
(265,2,475,'{\"en\":\"Compatible with form elements\",\"ru\":\"Совместимые элементы управления\"}','y','all','','','inherit',NULL,'',16,53,''),
(266,405,12,'{\"en\":\"Which entity keys\",\"ru\":\"Ключи какой сущности\"}','y','all','','','inherit',NULL,'',5,7,''),
(267,405,10,'{\"en\":\"Element\",\"ru\":\"Элемент управления\"}','y','all','','','inherit',NULL,'',16,53,''),
(268,405,9,'{\"en\":\"MySQL column type\",\"ru\":\"Тип столбца MySQL\"}','y','all','','','inherit',NULL,'',2,2,''),
(269,389,2257,'{\"en\":\"Recipients\",\"ru\":\"Получатели\"}','y','all','','','inherit',NULL,'',13,39,''),
(270,389,2262,'{\"en\":\"Menu items\",\"ru\":\"Пункты меню\"}','y','all','','','inherit',NULL,'',7,15,''),
(271,390,2274,'{\"en\":\"Notification\",\"ru\":\"Уведомление\"}','y','all','','','inherit',NULL,'',389,1571,''),
(272,390,2275,'{\"en\":\"Role\",\"ru\":\"Роль\"}','y','all','','','inherit',NULL,'',13,39,''),
(273,391,6,'{\"en\":\"Entity\",\"ru\":\"Сущность\"}','y','all','','','inherit',NULL,'',5,7,''),
(274,391,12,'{\"en\":\"Which entity keys\",\"ru\":\"Ключи какой сущности\"}','y','all','','','inherit',NULL,'',5,7,''),
(275,391,10,'{\"en\":\"Element\",\"ru\":\"Элемент управления\"}','y','all','','','inherit',NULL,'',16,53,''),
(276,391,9,'{\"en\":\"MySQL column type\",\"ru\":\"Тип столбца MySQL\"}','y','all','','','inherit',NULL,'',2,2,''),
(277,407,476,'{\"en\":\"Field\",\"ru\":\"Поле\"}','y','all','','','inherit',NULL,'',6,11,''),
(278,407,2433,'{\"en\":\"Param\",\"ru\":\"Параметр\"}','y','all','','','inherit',NULL,'',405,1628,''),
(280,11,2631,'{\"en\":\"External source\",\"ru\":\"Внешний источник\"}','y','all','','','inherit',NULL,'',6,11,''),
(281,7,2634,'{\"en\":\"Field\",\"ru\":\"Поле\"}','y','all','','','inherit',NULL,'',6,11,''),
(282,7,2635,'{\"en\":\"Further field\",\"ru\":\"Поле по ключу\"}','y','all','','','inherit',NULL,'',6,11,'');

/*Table structure for table `changeLog` */

DROP TABLE IF EXISTS `changeLog`;

CREATE TABLE `changeLog` (
  `id` int NOT NULL AUTO_INCREMENT,
  `entityId` int DEFAULT NULL,
  `entryId` int NOT NULL DEFAULT '0',
  `fieldId` int DEFAULT NULL,
  `was` text CHARACTER SET utf8mb4 COLLATE utf8mb4_unicode_ci NOT NULL,
  `now` text CHARACTER SET utf8mb4 COLLATE utf8mb4_unicode_ci NOT NULL,
  `datetime` datetime NOT NULL DEFAULT '0000-00-00 00:00:00',
  `monthId` int DEFAULT NULL,
  `adminId` int NOT NULL DEFAULT '0',
  `roleId` int DEFAULT NULL,
  PRIMARY KEY (`id`),
  KEY `entityId` (`entityId`),
  KEY `entryId` (`entryId`),
  KEY `fieldId` (`fieldId`),
  KEY `monthId` (`monthId`),
  KEY `adminId` (`adminId`),
  KEY `profileId` (`roleId`),
  FULLTEXT KEY `was` (`was`),
  FULLTEXT KEY `now` (`now`),
  CONSTRAINT `changeLog_ibfk_entityId` FOREIGN KEY (`entityId`) REFERENCES `entity` (`id`) ON DELETE CASCADE ON UPDATE CASCADE,
  CONSTRAINT `changeLog_ibfk_fieldId` FOREIGN KEY (`fieldId`) REFERENCES `field` (`id`) ON DELETE CASCADE ON UPDATE CASCADE,
  CONSTRAINT `changeLog_ibfk_monthId` FOREIGN KEY (`monthId`) REFERENCES `month` (`id`) ON DELETE CASCADE ON UPDATE CASCADE,
  CONSTRAINT `changeLog_ibfk_roleId` FOREIGN KEY (`roleId`) REFERENCES `role` (`id`) ON DELETE CASCADE ON UPDATE CASCADE
) ENGINE=InnoDB DEFAULT CHARSET=utf8mb4 COLLATE=utf8mb4_unicode_ci;

/*Data for the table `changeLog` */

/*Table structure for table `columnType` */

DROP TABLE IF EXISTS `columnType`;

CREATE TABLE `columnType` (
  `id` int NOT NULL AUTO_INCREMENT,
  `type` varchar(255) CHARACTER SET utf8mb4 COLLATE utf8mb4_unicode_ci NOT NULL DEFAULT '',
  `canStoreRelation` enum('y','n') CHARACTER SET utf8mb4 COLLATE utf8mb4_unicode_ci NOT NULL DEFAULT 'n',
  `elementId` varchar(255) CHARACTER SET utf8mb4 COLLATE utf8mb4_unicode_ci NOT NULL DEFAULT '',
  PRIMARY KEY (`id`),
  KEY `canStoreRelation` (`canStoreRelation`),
  KEY `elementId` (`elementId`(250))
) ENGINE=InnoDB AUTO_INCREMENT=14 DEFAULT CHARSET=utf8mb4 COLLATE=utf8mb4_unicode_ci;

/*Data for the table `columnType` */

insert  into `columnType`(`id`,`type`,`canStoreRelation`,`elementId`) values 
(1,'VARCHAR(255)','y','1,7,22,23,27'),
(3,'INT(11)','y','4,5,23,1,18'),
(4,'TEXT','y','6,7,13,1'),
(5,'DECIMAL(11,2)','n','24'),
(6,'DATE','n','12'),
(7,'YEAR','n',''),
(8,'TIME','n','17'),
(9,'DATETIME','n','19'),
(10,'ENUM','n','5,23'),
(11,'SET','n','23,1,6,7'),
(12,'BOOLEAN','n','9'),
(13,'VARCHAR(10)','n','11');

/*Table structure for table `consider` */

DROP TABLE IF EXISTS `consider`;

CREATE TABLE `consider` (
  `id` int NOT NULL AUTO_INCREMENT,
  `entityId` int DEFAULT NULL,
  `fieldId` int DEFAULT NULL,
  `consider` int DEFAULT NULL,
  `foreign` int DEFAULT NULL,
  `title` text CHARACTER SET utf8mb4 COLLATE utf8mb4_unicode_ci NOT NULL,
  `required` enum('n','y') CHARACTER SET utf8mb4 COLLATE utf8mb4_unicode_ci NOT NULL DEFAULT 'n',
  `connector` int DEFAULT NULL,
  PRIMARY KEY (`id`),
  KEY `entityId` (`entityId`),
  KEY `fieldId` (`fieldId`),
  KEY `consider` (`consider`),
  KEY `foreign` (`foreign`),
  KEY `required` (`required`),
  KEY `connector` (`connector`),
  FULLTEXT KEY `title` (`title`),
  CONSTRAINT `consider_ibfk_connector` FOREIGN KEY (`connector`) REFERENCES `field` (`id`) ON DELETE CASCADE ON UPDATE CASCADE,
  CONSTRAINT `consider_ibfk_consider` FOREIGN KEY (`consider`) REFERENCES `field` (`id`) ON DELETE CASCADE ON UPDATE CASCADE,
  CONSTRAINT `consider_ibfk_entityId` FOREIGN KEY (`entityId`) REFERENCES `entity` (`id`) ON DELETE CASCADE ON UPDATE CASCADE,
  CONSTRAINT `consider_ibfk_fieldId` FOREIGN KEY (`fieldId`) REFERENCES `field` (`id`) ON DELETE CASCADE ON UPDATE CASCADE,
  CONSTRAINT `consider_ibfk_foreign` FOREIGN KEY (`foreign`) REFERENCES `field` (`id`) ON DELETE CASCADE ON UPDATE CASCADE
) ENGINE=InnoDB AUTO_INCREMENT=68 DEFAULT CHARSET=utf8mb4 COLLATE=utf8mb4_unicode_ci;

/*Data for the table `consider` */

insert  into `consider`(`id`,`entityId`,`fieldId`,`consider`,`foreign`,`title`,`required`,`connector`) values 
(1,308,2307,2246,12,'{\"ru\":\"Поле\",\"en\":\"Field\"}','y',NULL),
(2,5,9,10,NULL,'{\"ru\":\"Элемент управления\",\"en\":\"Element\"}','y',NULL),
(3,5,10,470,NULL,'{\"ru\":\"Предназначено для хранения ключей\",\"en\":\"Store keys\"}','y',NULL),
(4,9,34,33,19,'{\"ru\":\"Раздел\",\"en\":\"Section\"}','y',NULL),
(7,3,503,19,NULL,'{\"ru\":\"Сущность\",\"en\":\"Entity\"}','y',NULL),
(8,195,1443,1442,19,'{\"ru\":\"Раздел\",\"en\":\"Section\"}','y',NULL),
(12,171,1342,1341,19,'{\"ru\":\"Раздел\",\"en\":\"Section\"}','y',NULL),
(14,3,1554,19,NULL,'{\"ru\":\"Сущность\",\"en\":\"Entity\"}','y',NULL),
(16,3,2211,19,NULL,'{\"ru\":\"Сущность\",\"en\":\"Entity\"}','y',NULL),
(17,309,2262,2255,NULL,'{\"ru\":\"Сущность\",\"en\":\"Entity\"}','y',NULL),
(18,308,2247,2246,6,'{\"ru\":\"Поле\",\"en\":\"Field\"}','y',NULL),
(19,308,2248,2247,12,'{\"ru\":\"От какого поля зависит\",\"en\":\"Depends on\"}','y',6),
(20,313,2292,2291,NULL,'{\"ru\":\"Сущность\",\"en\":\"Entity\"}','y',NULL),
(21,313,2293,2291,NULL,'{\"ru\":\"Сущность\",\"en\":\"Entity\"}','y',NULL),
(23,9,2313,34,12,'{\"ru\":\"Поле\",\"en\":\"Field\"}','y',6),
(24,195,2314,1443,12,'{\"ru\":\"Поле прикрепленной к разделу сущности\",\"en\":\"Field\"}','y',6),
(25,3,2322,19,NULL,'{\"ru\":\"Сущность\",\"en\":\"Entity\"}','y',NULL),
(26,3,2323,2322,NULL,'{\"ru\":\"Плитка\",\"en\":\"Tile\"}','y',106),
(27,9,1886,2165,NULL,'{\"ru\":\"Auto title\",\"en\":\"Auto title\"}','y',NULL),
(28,195,1658,2167,NULL,'{\"ru\":\"Auto title\",\"en\":\"Auto title\"}','y',NULL),
(29,8,2209,2164,NULL,'{\"ru\":\"Auto title\",\"en\":\"Auto title\"}','y',NULL),
(30,171,2252,2169,NULL,'{\"ru\":\"Auto title\",\"en\":\"Auto title\"}','y',NULL),
(31,9,2200,34,2199,'{\"ru\":\"Поле\",\"en\":\"Field\"}','y',NULL),
(32,314,2382,2342,16,'{\"ru\":\"Этап\",\"en\":\"Stage\"}','y',NULL),
(33,314,2382,2343,16,'{\"ru\":\"Статус\",\"en\":\"Status\"}','y',NULL),
(34,8,2164,27,31,'{\"ru\":\"Действие\",\"en\":\"Action\"}','y',NULL),
(35,9,2165,34,7,'{\"ru\":\"Поле\",\"en\":\"Field\"}','y',NULL),
(37,195,2167,1443,7,'{\"ru\":\"Поле прикрепленной к разделу сущности\",\"en\":\"Field\"}','y',NULL),
(39,171,2169,1342,7,'{\"ru\":\"Поле\",\"en\":\"Field\"}','y',NULL),
(40,310,2280,2275,36,'{\"ru\":\"Роль\",\"en\":\"Role\"}','y',NULL),
(41,308,2249,2247,7,'{\"ru\":\"От какого поля зависит\",\"en\":\"Depends on\"}','y',NULL),
(42,318,2399,2398,1337,'{\"ru\":\"Роль\",\"en\":\"Role\"}','y',NULL),
(43,318,2407,2405,19,'{\"ru\":\"Раздел\",\"en\":\"Section\"}','y',NULL),
(44,318,2408,2406,NULL,'{\"ru\":\"Сущность\",\"en\":\"Entity\"}','y',NULL),
(45,91,2433,476,10,'{\"ru\":\"Поле\",\"en\":\"Field\"}','y',2435),
(46,5,2435,6,NULL,'{\"ru\":\"Сущность\",\"en\":\"Entity\"}','y',NULL),
(47,91,2166,2433,7,'{\"ru\":\"Параметр\",\"en\":\"Param\"}','y',NULL),
(48,318,2409,2397,16,'{\"ru\":\"Тип\",\"en\":\"Type\"}','y',NULL),
(61,9,2616,2615,NULL,'{\"en\":\"Section\",\"ru\":\"Раздел\"}','y',26),
(62,171,2622,2621,NULL,'{\"en\":\"Section\",\"ru\":\"Раздел\"}','y',26),
(63,9,2632,2631,6,'{\"en\":\"External source\",\"ru\":\"Внешний источник\"}','y',NULL),
(64,3,2634,19,NULL,'{\"en\":\"Entity\",\"ru\":\"Сущность\"}','y',NULL),
(65,3,2635,2634,12,'{\"en\":\"Field\",\"ru\":\"Поле\"}','y',6),
(66,8,2643,28,NULL,'{\"en\":\"Roles\",\"ru\":\"Роли\"}','y',-1),
(67,313,2299,2300,1337,'{\"en\":\"Role\",\"ru\":\"Роль\"}','y',NULL);

/*Table structure for table `element` */

DROP TABLE IF EXISTS `element`;

CREATE TABLE `element` (
  `id` int NOT NULL AUTO_INCREMENT,
  `title` text CHARACTER SET utf8mb4 COLLATE utf8mb4_unicode_ci NOT NULL,
  `alias` varchar(255) CHARACTER SET utf8mb4 COLLATE utf8mb4_unicode_ci NOT NULL DEFAULT '',
  `storeRelationAbility` set('none','one','many') CHARACTER SET utf8mb4 COLLATE utf8mb4_unicode_ci NOT NULL DEFAULT 'none',
  `hidden` tinyint(1) NOT NULL DEFAULT '0',
  PRIMARY KEY (`id`),
  KEY `storeRelationAbility` (`storeRelationAbility`),
  KEY `storeRelationAbility_2` (`storeRelationAbility`),
  FULLTEXT KEY `title` (`title`)
) ENGINE=InnoDB AUTO_INCREMENT=28 DEFAULT CHARSET=utf8mb4 COLLATE=utf8mb4_unicode_ci;

/*Data for the table `element` */

insert  into `element`(`id`,`title`,`alias`,`storeRelationAbility`,`hidden`) values 
(1,'{\"ru\":\"Строка\",\"en\":\"String\"}','string','none,many',0),
(4,'{\"ru\":\"Порядок\",\"en\":\"Order\"}','move','none',1),
(5,'{\"ru\":\"Радио-кнопки\",\"en\":\"Radio buttons\"}','radio','one',0),
(6,'{\"ru\":\"Текст\",\"en\":\"Text\"}','textarea','none,many',0),
(7,'{\"ru\":\"Чекбоксы\",\"en\":\"Checkboxes\"}','multicheck','many',0),
(9,'{\"ru\":\"Чекбокс\",\"en\":\"Checkbox\"}','check','none',0),
(11,'{\"ru\":\"Цвет\",\"en\":\"Color picker\"}','color','none',0),
(12,'{\"ru\":\"Календарь\",\"en\":\"Date picker\"}','calendar','none',0),
(13,'{\"ru\":\"HTML-редактор\",\"en\":\"HTML editor\"}','html','none',0),
(14,'{\"ru\":\"Файл\",\"en\":\"File-upload panel\"}','upload','none',0),
(16,'{\"ru\":\"Группа полей\",\"en\":\"Field group\"}','span','none',0),
(17,'{\"ru\":\"Время\",\"en\":\"Time\"}','time','none',0),
(18,'{\"ru\":\"Число\",\"en\":\"Number\"}','number','none,one',0),
(19,'{\"ru\":\"Момент\",\"en\":\"Datetime picker\"}','datetime','none',0),
(22,'{\"ru\":\"Скрытое поле\",\"en\":\"Hidden field\"}','hidden','none',0),
(23,'{\"ru\":\"Список\",\"en\":\"Combo\"}','combo','one,many',0),
(24,'{\"ru\":\"Цена\",\"en\":\"Price\"}','price','none',0),
(26,'{\"ru\":\"Число .000\",\"en\":\"Number .000\"}','decimal143','none',0),
(27,'{\"en\":\"Icon\",\"ru\":\"Иконка\"}','icon','none',0);

/*Table structure for table `entity` */

DROP TABLE IF EXISTS `entity`;

CREATE TABLE `entity` (
  `id` int NOT NULL AUTO_INCREMENT,
  `title` text CHARACTER SET utf8mb4 COLLATE utf8mb4_unicode_ci NOT NULL,
  `table` varchar(255) CHARACTER SET utf8mb4 COLLATE utf8mb4_unicode_ci NOT NULL DEFAULT '',
  `extends` varchar(255) CHARACTER SET utf8mb4 COLLATE utf8mb4_unicode_ci NOT NULL DEFAULT 'Indi_Db_Table',
  `fraction` enum('custom','system','public') CHARACTER SET utf8mb4 COLLATE utf8mb4_unicode_ci NOT NULL DEFAULT 'custom',
  `titleFieldId` int DEFAULT NULL,
  `spaceScheme` enum('none','date','datetime','date-time','date-timeId','date-dayQty','datetime-minuteQty','date-time-minuteQty','date-timeId-minuteQty','date-timespan') CHARACTER SET utf8mb4 COLLATE utf8mb4_unicode_ci NOT NULL DEFAULT 'none',
  `spaceFields` varchar(255) CHARACTER SET utf8mb4 COLLATE utf8mb4_unicode_ci NOT NULL DEFAULT '',
  `filesGroupBy` int DEFAULT NULL,
  `changeLogToggle` enum('none','all') CHARACTER SET utf8mb4 COLLATE utf8mb4_unicode_ci NOT NULL DEFAULT 'none',
  `changeLogExcept` varchar(255) CHARACTER SET utf8 COLLATE utf8_general_ci NOT NULL DEFAULT '',
  PRIMARY KEY (`id`),
  KEY `system` (`fraction`),
  KEY `titleFieldId` (`titleFieldId`),
  KEY `spaceScheme` (`spaceScheme`),
  KEY `spaceFields` (`spaceFields`(250)),
  KEY `filesGroupBy` (`filesGroupBy`),
  KEY `changeLogToggle` (`changeLogToggle`),
  KEY `changeLogExcept` (`changeLogExcept`),
  FULLTEXT KEY `title` (`title`),
  CONSTRAINT `entity_ibfk_filesGroupBy` FOREIGN KEY (`filesGroupBy`) REFERENCES `field` (`id`) ON DELETE SET NULL ON UPDATE CASCADE,
  CONSTRAINT `entity_ibfk_titleFieldId` FOREIGN KEY (`titleFieldId`) REFERENCES `field` (`id`) ON DELETE SET NULL ON UPDATE CASCADE
) ENGINE=InnoDB AUTO_INCREMENT=335 DEFAULT CHARSET=utf8mb4 COLLATE=utf8mb4_unicode_ci;

/*Data for the table `entity` */

insert  into `entity`(`id`,`title`,`table`,`extends`,`fraction`,`titleFieldId`,`spaceScheme`,`spaceFields`,`filesGroupBy`,`changeLogToggle`,`changeLogExcept`) values 
(1,'{\"ru\":\"Тип столбца\",\"en\":\"MySQL column type\"}','columnType','Indi_Db_Table','system',2,'none','',NULL,'none',''),
(2,'{\"ru\":\"Сущность\",\"en\":\"Entity\"}','entity','Indi_Db_Table','system',4,'none','',NULL,'none',''),
(3,'{\"ru\":\"Раздел\",\"en\":\"Section\"}','section','Indi_Db_Table','system',20,'none','',NULL,'none',''),
(4,'{\"ru\":\"Элемент управления\",\"en\":\"Form element\"}','element','Indi_Db_Table','system',64,'none','',NULL,'none',''),
(5,'{\"ru\":\"Поле\",\"en\":\"Field\"}','field','Field_Base','system',7,'none','',NULL,'none',''),
(6,'{\"ru\":\"Значение из набора\",\"en\":\"Enumset\"}','enumset','Indi_Db_Table','system',16,'none','',NULL,'none',''),
(7,'{\"ru\":\"Действие\",\"en\":\"Action\"}','action','Indi_Db_Table','system',31,'none','',NULL,'none',''),
(8,'{\"ru\":\"Действие в разделе\",\"en\":\"Action in the section\"}','section2action','Indi_Db_Table','system',27,'none','',NULL,'none',''),
(9,'{\"ru\":\"Столбец грида\",\"en\":\"Grid column\"}','grid','Indi_Db_Table','system',34,'none','',NULL,'none',''),
(10,'{\"ru\":\"Роль\",\"en\":\"Role\"}','role','Indi_Db_Table','system',36,'none','',NULL,'none',''),
(11,'{\"ru\":\"Администратор\",\"en\":\"Administrator\"}','admin','Indi_Db_Table','system',39,'none','',NULL,'none',''),
(20,'{\"ru\":\"Копия\",\"en\":\"Resized copy\"}','resize','Indi_Db_Table','system',108,'none','',NULL,'none',''),
(91,'{\"ru\":\"Параметр\",\"en\":\"Param\"}','param','Indi_Db_Table','system',2433,'none','',NULL,'none',''),
(171,'{\"ru\":\"Поле, измененное в рамках раздела\",\"en\":\"Field adjusted for the section\"}','alteredField','Indi_Db_Table','system',1342,'none','',NULL,'none',''),
(195,'{\"ru\":\"Фильтр\",\"en\":\"Filter\"}','filter','Indi_Db_Table','system',1443,'none','',NULL,'none',''),
(307,'{\"ru\":\"Язык\",\"en\":\"Language\"}','lang','Indi_Db_Table','system',2236,'none','',NULL,'none',''),
(308,'{\"ru\":\"Зависимость\",\"en\":\"Field dependency\"}','consider','Indi_Db_Table','system',2247,'none','',NULL,'none',''),
(309,'{\"ru\":\"Уведомление\",\"en\":\"Notification\"}','notice','Indi_Db_Table','system',2254,'none','',NULL,'none',''),
(310,'{\"ru\":\"Получатель уведомлений\",\"en\":\"Notification getter\"}','noticeGetter','Indi_Db_Table','system',2275,'none','',NULL,'none',''),
(311,'{\"ru\":\"Год\",\"en\":\"Year\"}','year','Indi_Db_Table','system',2286,'none','',NULL,'none',''),
(312,'{\"ru\":\"Месяц\",\"en\":\"Month\"}','month','Indi_Db_Table','system',2289,'none','',NULL,'none',''),
(313,'{\"ru\":\"Корректировка\",\"en\":\"Changelog entry\"}','changeLog','Indi_Db_Table','system',2296,'none','',NULL,'none',''),
(314,'{\"ru\":\"Очередь задач\",\"en\":\"Queue task\"}','queueTask','Indi_Db_Table','system',2336,'none','',NULL,'none',''),
(315,'{\"ru\":\"Сегмент очереди\",\"en\":\"Queue chunk\"}','queueChunk','Indi_Db_Table','system',2359,'none','',NULL,'none',''),
(316,'{\"ru\":\"Элемент очереди\",\"en\":\"Queue item\"}','queueItem','Indi_Db_Table','system',NULL,'none','',NULL,'none',''),
(318,'{\"ru\":\"Рилтайм\",\"en\":\"Realtime\"}','realtime','Indi_Db_Table','system',2409,'none','',NULL,'none','');

/*Table structure for table `enumset` */

DROP TABLE IF EXISTS `enumset`;

CREATE TABLE `enumset` (
  `id` int NOT NULL AUTO_INCREMENT,
  `fieldId` int DEFAULT NULL,
  `title` text CHARACTER SET utf8mb4 COLLATE utf8mb4_unicode_ci NOT NULL,
  `alias` varchar(255) CHARACTER SET utf8mb4 COLLATE utf8mb4_unicode_ci NOT NULL DEFAULT '',
  `move` int NOT NULL DEFAULT '0',
  `boxIcon` varchar(255) CHARACTER SET utf8 COLLATE utf8_general_ci NOT NULL DEFAULT '',
  `boxColor` varchar(10) CHARACTER SET utf8 COLLATE utf8_general_ci NOT NULL DEFAULT '',
  `textColor` varchar(10) CHARACTER SET utf8 COLLATE utf8_general_ci NOT NULL DEFAULT '',
  `cssStyle` varchar(255) CHARACTER SET utf8 COLLATE utf8_general_ci NOT NULL DEFAULT '',
  PRIMARY KEY (`id`),
  KEY `fieldId` (`fieldId`),
  FULLTEXT KEY `title` (`title`),
  CONSTRAINT `enumset_ibfk_fieldId` FOREIGN KEY (`fieldId`) REFERENCES `field` (`id`) ON DELETE CASCADE ON UPDATE CASCADE
) ENGINE=InnoDB AUTO_INCREMENT=1277 DEFAULT CHARSET=utf8mb4 COLLATE=utf8mb4_unicode_ci;

/*Data for the table `enumset` */

insert  into `enumset`(`id`,`fieldId`,`title`,`alias`,`move`,`boxIcon`,`boxColor`,`textColor`,`cssStyle`) values 
(1,3,'{\"ru\":\"Нет\",\"en\":\"No\"}','n',1,'','','',''),
(2,3,'{\"ru\":\"Да\",\"en\":\"Yes\"}','y',2,'','','',''),
(5,22,'{\"en\":\"Turned on\",\"ru\":\"Включен\"}','y',5,'','120#00FF00','',''),
(6,22,'{\"en\":\"Turned off\",\"ru\":\"Выключен\"}','n',6,'','000#FF0000','',''),
(9,29,'{\"en\":\"Turned on\",\"ru\":\"Включено\"}','y',9,'','120#00FF00','',''),
(10,29,'{\"en\":\"Turned off\",\"ru\":\"Выключено\"}','n',10,'','000#FF0000','',''),
(11,37,'{\"en\":\"Turned on\",\"ru\":\"Включена\"}','y',11,'','120#00FF00','',''),
(12,37,'{\"en\":\"Turned off\",\"ru\":\"Выключена\"}','n',12,'','000#FF0000','',''),
(13,42,'{\"en\":\"Turned on\",\"ru\":\"Включен\"}','y',13,'','120#00FF00','',''),
(14,42,'{\"en\":\"Turned off\",\"ru\":\"Выключен\"}','n',14,'','000#FF0000','',''),
(62,66,'{\"ru\":\"Нет\",\"en\":\"No\"}','none',62,'','','',''),
(63,66,'{\"ru\":\"Только с одним значением ключа\",\"en\":\"With only one key value\"}','one',63,'','','',''),
(64,66,'{\"ru\":\"С набором значений ключей\",\"en\":\"With a set of key values\"}','many',64,'','','',''),
(112,345,'{\"ru\":\"Да\",\"en\":\"Yes\"}','y',112,'','','',''),
(113,345,'{\"ru\":\"Нет\",\"en\":\"No\"}','n',113,'','','',''),
(181,470,'{\"en\":\"No\",\"ru\":\"Нет\"}','none',164,'','000#FFFFFF','',''),
(183,470,'{\"en\":\"Yes, multiple keys\",\"ru\":\"Да, несколько ключей\"}','many',296,'resources/images/icons/btn-icon-multikey.png','','',''),
(184,470,'{\"en\":\"Yes, but only one key\",\"ru\":\"Да, но только один ключ\"}','one',295,'resources/images/icons/btn-icon-login.png','','',''),
(213,557,'{\"en\":\"Ascending\",\"ru\":\"По возрастанию\"}','ASC',297,'resources/images/grid/sort_asc.png','','','background-position: -5px -1px;'),
(214,557,'{\"en\":\"Descending\",\"ru\":\"По убыванию\"}','DESC',182,'resources/images/grid/sort_desc.png','','','background-position: -5px -1px;'),
(227,612,'{\"ru\":\"Проектная\",\"en\":\"Custom\"}','custom',301,'','','',''),
(228,612,'{\"en\":\"System\",\"ru\":\"Системная\"}','system',186,'','','000#FF0000',''),
(566,612,'{\"en\":\"Public\",\"ru\":\"Публичная\"}','public',457,'','','120#00FF00',''),
(567,1364,'{\"ru\":\"Проектная\",\"en\":\"Custom\"}','custom',0,'','','',''),
(568,1364,'{\"en\":\"System\",\"ru\":\"Системная\"}','system',458,'','','000#FF0000',''),
(569,1364,'{\"en\":\"Public\",\"ru\":\"Публичная\"}','public',459,'','','120#00FF00',''),
(573,1366,'{\"ru\":\"Проектная\",\"en\":\"Custom\"}','custom',0,'','','',''),
(574,1366,'{\"en\":\"System\",\"ru\":\"Системная\"}','system',462,'','','000#FF0000',''),
(575,1366,'{\"en\":\"Public\",\"ru\":\"Публичная\"}','public',463,'','','120#00FF00',''),
(580,1445,'{\"en\":\"Turned on\",\"ru\":\"Включен\"}','y',0,'','120#00FF00','',''),
(581,1445,'{\"en\":\"Turned off\",\"ru\":\"Выключен\"}','n',464,'','000#FF0000','',''),
(960,2159,'{\"en\":\"Turned on\",\"ru\":\"Включен\"}','y',0,'','120#00FF00','',''),
(961,2159,'{\"en\":\"Turned off\",\"ru\":\"Выключен\"}','n',489,'','000#FF0000','',''),
(979,2197,'{\"en\":\"Regular\",\"ru\":\"Обычное\"}','regular',979,'resources/images/icons/field/regular.png','','',''),
(980,2197,'{\"en\":\"Required\",\"ru\":\"Обязательное\"}','required',980,'resources/images/icons/field/required.png','','',''),
(981,2197,'{\"en\":\"Readonly\",\"ru\":\"Только чтение\"}','readonly',981,'resources/images/icons/field/readonly.png','','',''),
(982,2197,'{\"en\":\"Hidden\",\"ru\":\"Скрытое\"}','hidden',982,'resources/images/icons/field/hidden.png','','',''),
(983,2202,'{\"en\":\"Turned on\",\"ru\":\"Включено\"}','y',983,'','120#00FF00','',''),
(984,2202,'{\"en\":\"Turned off\",\"ru\":\"Выключено\"}','n',984,'','000#FF0000','',''),
(985,2203,'{\"en\":\"All\",\"ru\":\"Все\"}','all',985,'','','',''),
(986,2203,'{\"en\":\"None\",\"ru\":\"Никто\"}','none',986,'','','',''),
(988,2205,'{\"en\":\"All\",\"ru\":\"Все\"}','all',988,'','','',''),
(989,2205,'{\"en\":\"None\",\"ru\":\"Никто\"}','none',989,'','','',''),
(991,2207,'{\"en\":\"All\",\"ru\":\"Все\"}','all',991,'','','',''),
(992,2207,'{\"en\":\"None\",\"ru\":\"Никто\"}','none',992,'','','',''),
(994,2210,'{\"en\":\"Turned off\",\"ru\":\"Выключен\"}','0',994,'','000#D3D3D3','',''),
(995,2210,'{\"en\":\"Turned on\",\"ru\":\"Включен\"}','1',995,'','240#0000FF','',''),
(996,2212,'{\"en\":\"Auto\",\"ru\":\"Авто\"}','auto',996,'resources/images/icons/south-blue.png','','',''),
(997,2212,'{\"en\":\"Display\",\"ru\":\"Отображать\"}','yes',997,'resources/images/icons/south-green.png','','',''),
(998,2212,'{\"en\":\"Do not display\",\"ru\":\"Не отображать\"}','no',998,'resources/images/icons/south-red.png','','',''),
(999,2213,'{\"en\":\"Auto\",\"ru\":\"Авто\"}','auto',999,'resources/images/icons/field/inherit.png','','',''),
(1000,2213,'{\"en\":\"Separate request\",\"ru\":\"Отдельным запросом\"}','yes',1000,'resources/images/icons/field/readonly.png','','',''),
(1001,2213,'{\"en\":\"In the same request\",\"ru\":\"В том же запросе\"}','no',1001,'resources/images/icons/field/required.png','','',''),
(1002,2214,'{\"en\":\"Turned on\",\"ru\":\"Включено\"}','y',1003,'resources/images/icons/fit.png','','',''),
(1003,2214,'{\"en\":\"Turned off\",\"ru\":\"Выключено\"}','n',1002,'','000#FFFFFF','',''),
(1010,2238,'{\"en\":\"Turned on\",\"ru\":\"Включен\"}','y',1010,'','120#00FF00','',''),
(1011,2238,'{\"en\":\"Turned off\",\"ru\":\"Выключен\"}','n',1011,'','000#FF0000','',''),
(1012,2239,'{\"en\":\"Turned off\",\"ru\":\"Выключена\"}','n',1012,'','000#D3D3D3','',''),
(1013,2239,'{\"en\":\"Turned on\",\"ru\":\"Включена\"}','y',1088,'','240#0000FF','',''),
(1017,2243,'{\"ru\":\"Нет\",\"en\":\"No\"}','none',1017,'','','',''),
(1018,2243,'{\"ru\":\"DATE\",\"en\":\"DATE\"}','date',1018,'','','',''),
(1019,2243,'{\"ru\":\"DATETIME\",\"en\":\"DATETIME\"}','datetime',1019,'','','',''),
(1020,2243,'{\"ru\":\"DATE, TIME\",\"en\":\"DATE, TIME\"}','date-time',1020,'','','',''),
(1021,2243,'{\"ru\":\"DATE, timeId\",\"en\":\"DATE, timeId\"}','date-timeId',1021,'','','',''),
(1022,2243,'{\"ru\":\"DATE, dayQty\",\"en\":\"DATE, dayQty\"}','date-dayQty',1022,'','','',''),
(1023,2243,'{\"ru\":\"DATETIME, minuteQty\",\"en\":\"DATETIME, minuteQty\"}','datetime-minuteQty',1023,'','','',''),
(1024,2243,'{\"ru\":\"DATE, TIME, minuteQty\",\"en\":\"DATE, TIME, minuteQty\"}','date-time-minuteQty',1024,'','','',''),
(1025,2243,'{\"ru\":\"DATE, timeId, minuteQty\",\"en\":\"DATE, timeId, minuteQty\"}','date-timeId-minuteQty',1025,'','','',''),
(1026,2243,'{\"ru\":\"DATE, hh:mm-hh:mm\",\"en\":\"DATE, hh:mm-hh:mm\"}','date-timespan',1026,'','','',''),
(1027,2161,'{\"en\":\"Hidden\",\"ru\":\"Скрытое\"}','hidden',1031,'resources/images/icons/field/hidden.png','','',''),
(1028,2161,'{\"en\":\"Readonly\",\"ru\":\"Только чтение\"}','readonly',1030,'resources/images/icons/field/readonly.png','','',''),
(1029,2161,'{\"en\":\"Inherit\",\"ru\":\"Без изменений\"}','inherit',1027,'resources/images/icons/field/inherit.png','','',''),
(1030,2161,'{\"en\":\"Regular\",\"ru\":\"Обычное\"}','regular',1028,'resources/images/icons/field/regular.png','','',''),
(1031,2161,'{\"en\":\"Required\",\"ru\":\"Обязательное\"}','required',1029,'resources/images/icons/field/required.png','','',''),
(1032,2258,'{\"en\":\"Turned on\",\"ru\":\"Включено\"}','y',1032,'','120#00FF00','',''),
(1033,2258,'{\"en\":\"Turned off\",\"ru\":\"Выключено\"}','n',1033,'','000#FF0000','',''),
(1034,2261,'{\"ru\":\"Одинаковое для всех получателей\",\"en\":\"Same for all recipients\"}','event',1034,'','','',''),
(1035,2261,'{\"ru\":\"Неодинаковое, зависит от получателя\",\"en\":\"Not the same, depends on the recipient\"}','getter',1035,'','','',''),
(1036,2267,'{\"ru\":\"Увеличение\",\"en\":\"Increase\"}','inc',1036,'','','',''),
(1037,2267,'{\"ru\":\"Уменьшение\",\"en\":\"Decrease\"}','dec',1037,'','','',''),
(1038,2267,'{\"ru\":\"Изменение\",\"en\":\"Change\"}','evt',1038,'','','',''),
(1039,2276,'{\"ru\":\"Общий\",\"en\":\"Shared\"}','event',1039,'','','',''),
(1040,2276,'{\"ru\":\"Раздельный\",\"en\":\"Separate\"}','getter',1040,'','','',''),
(1041,2281,'{\"en\":\"No\",\"ru\":\"Нет\"}','n',1041,'','000#D3D3D3','',''),
(1042,2281,'{\"en\":\"Yes\",\"ru\":\"Да\"}','y',1042,'','120#00FF00','',''),
(1043,2282,'{\"en\":\"No\",\"ru\":\"Нет\"}','n',1043,'','000#D3D3D3','',''),
(1044,2282,'{\"en\":\"Yes\",\"ru\":\"Да\"}','y',1044,'','120#00FF00','',''),
(1045,2283,'{\"en\":\"No\",\"ru\":\"Нет\"}','n',1045,'','000#D3D3D3','',''),
(1046,2283,'{\"en\":\"Yes\",\"ru\":\"Да\"}','y',1046,'','120#00FF00','',''),
(1049,2288,'{\"ru\":\"Январь\",\"en\":\"January\"}','01',1049,'','','',''),
(1050,2288,'{\"ru\":\"Февраль\",\"en\":\"February\"}','02',1050,'','','',''),
(1051,2288,'{\"ru\":\"Март\",\"en\":\"March\"}','03',1051,'','','',''),
(1052,2288,'{\"ru\":\"Апрель\",\"en\":\"April\"}','04',1052,'','','',''),
(1053,2288,'{\"ru\":\"Май\",\"en\":\"May\"}','05',1053,'','','',''),
(1054,2288,'{\"ru\":\"Июнь\",\"en\":\"June\"}','06',1054,'','','',''),
(1055,2288,'{\"ru\":\"Июль\",\"en\":\"July\"}','07',1055,'','','',''),
(1056,2288,'{\"ru\":\"Август\",\"en\":\"August\"}','08',1056,'','','',''),
(1057,2288,'{\"ru\":\"Сентябрь\",\"en\":\"September\"}','09',1057,'','','',''),
(1058,2288,'{\"ru\":\"Октябрь\",\"en\":\"October\"}','10',1058,'','','',''),
(1059,2288,'{\"ru\":\"Ноябрь\",\"en\":\"November\"}','11',1059,'','','',''),
(1060,2288,'{\"ru\":\"Декабрь\",\"en\":\"December\"}','12',1060,'','','',''),
(1061,2301,'{\"ru\":\"Всем пользователям\",\"en\":\"All users\"}','all',1061,'','','',''),
(1062,2301,'{\"ru\":\"Только выбранным\",\"en\":\"Only chosen\"}','only',1062,'','','',''),
(1063,2301,'{\"ru\":\"Всем кроме выбранных\",\"en\":\"Everyone except the chosen ones\"}','except',1063,'','','',''),
(1064,2301,'{\"ru\":\"Никому\",\"en\":\"Noone\"}','none',1064,'','','',''),
(1065,2159,'{\"en\":\"Hidden\",\"ru\":\"Скрыт\"}','h',1065,'','000#D3D3D3','',''),
(1066,2304,'{\"ru\":\"Пусто\",\"en\":\"Empty\"}','none',1066,'','','',''),
(1067,2304,'{\"ru\":\"Сумма\",\"en\":\"Summary\"}','sum',1067,'','','',''),
(1068,2304,'{\"ru\":\"Среднее\",\"en\":\"Average\"}','average',1068,'','','',''),
(1069,2304,'{\"ru\":\"Минимум\",\"en\":\"Minimum\"}','min',1069,'','','',''),
(1070,2304,'{\"ru\":\"Максимум\",\"en\":\"Maximum\"}','max',1070,'','','',''),
(1071,2304,'{\"ru\":\"Текст\",\"en\":\"Text\"}','text',1071,'','','',''),
(1072,2306,'{\"en\":\"No\",\"ru\":\"Нет\"}','n',1072,'','000#D3D3D3','',''),
(1073,2306,'{\"en\":\"Yes\",\"ru\":\"Да\"}','y',1073,'','240#0000FF','',''),
(1074,2308,'{\"ru\":\"Обычные\",\"en\":\"Normal\"}','normal',1075,'','','',''),
(1075,2308,'{\"ru\":\"Зафиксированные\",\"en\":\"Locked\"}','locked',1074,'','','',''),
(1076,2159,'{\"en\":\"Hidden, but shown in row expander\",\"ru\":\"Скрыт, но показан в развороте\"}','e',1076,'','000#D3D3D3','','border: 1px solid blue;'),
(1077,2316,'{\"en\":\"Turned on\",\"ru\":\"Включен\"}','y',1077,'','120#00FF00','',''),
(1078,2316,'{\"en\":\"Turned off\",\"ru\":\"Выключен\"}','n',1078,'','000#FF0000','',''),
(1079,22,'{\"en\":\"Hidden\",\"ru\":\"Скрыт\"}','h',1079,'','000#D3D3D3','',''),
(1080,2318,'{\"en\":\"No\",\"ru\":\"Нет\"}','n',1080,'','000#D3D3D3','',''),
(1081,2318,'{\"en\":\"Yes\",\"ru\":\"Да\"}','y',1081,'','120#00FF00','',''),
(1082,2319,'{\"en\":\"No\",\"ru\":\"Нет\"}','n',1082,'','000#D3D3D3','',''),
(1083,2319,'{\"en\":\"Yes\",\"ru\":\"Да\"}','y',1083,'','120#00FF00','',''),
(1084,2321,'{\"ru\":\"Проектное\",\"en\":\"Custom\"}','custom',1084,'','','',''),
(1085,2321,'{\"en\":\"System\",\"ru\":\"Системное\"}','system',1085,'','','000#FF0000',''),
(1086,2324,'{\"en\":\"Turned off\",\"ru\":\"Выключено\"}','n',1086,'','000#D3D3D3','',''),
(1087,2324,'{\"en\":\"Turned on\",\"ru\":\"Включено\"}','y',1087,'','240#0000FF','',''),
(1088,2239,'{\"en\":\"Queued for turning on\",\"ru\":\"В очереди на включение\"}','qy',1013,'','000#D3D3D3','','border: 3px solid blue;'),
(1089,2239,'{\"en\":\"Queued for turning off\",\"ru\":\"В очереди на выключение\"}','qn',1089,'','240#0000FF','','border: 3px solid lightgray;'),
(1090,2325,'{\"ru\":\"Ничего\",\"en\":\"Nothing\"}','noth',1090,'','','',''),
(1091,2325,'{\"ru\":\"Чтото\",\"en\":\"Least\"}','smth',1091,'','','',''),
(1092,2328,'{\"en\":\"Turned off\",\"ru\":\"Выключен\"}','n',1092,'','000#D3D3D3','',''),
(1093,2328,'{\"en\":\"Queued for turning on\",\"ru\":\"В очереди на включение\"}','qy',1093,'','000#D3D3D3','','border: 3px solid blue;'),
(1094,2328,'{\"en\":\"Turned on\",\"ru\":\"Включен\"}','y',1094,'','240#0000FF','',''),
(1095,2328,'{\"en\":\"Queued for turning off\",\"ru\":\"В очереди на выключение\"}','qn',1095,'','240#0000FF','','border: 3px solid lightgray;'),
(1096,2329,'{\"en\":\"Turned off\",\"ru\":\"Выключен\"}','n',1096,'','000#D3D3D3','',''),
(1097,2329,'{\"en\":\"Queued for turning on\",\"ru\":\"В очереди на включение\"}','qy',1097,'','000#D3D3D3','','border: 3px solid blue;'),
(1098,2329,'{\"en\":\"Turned on\",\"ru\":\"Включен\"}','y',1098,'','240#0000FF','',''),
(1099,2329,'{\"en\":\"Queued for turning off\",\"ru\":\"В очереди на выключение\"}','qn',1099,'','240#0000FF','','border: 3px solid lightgray;'),
(1100,2331,'{\"en\":\"Turned off\",\"ru\":\"Выключен\"}','n',1100,'','000#D3D3D3','',''),
(1101,2331,'{\"en\":\"Queued for turning on\",\"ru\":\"В очереди на включение\"}','qy',1101,'','000#D3D3D3','','border: 3px solid blue;'),
(1102,2331,'{\"en\":\"Turned on\",\"ru\":\"Включен\"}','y',1102,'','240#0000FF','',''),
(1103,2331,'{\"en\":\"Queued for turning off\",\"ru\":\"В очереди на выключение\"}','qn',1103,'','240#0000FF','','border: 3px solid lightgray;'),
(1104,2332,'{\"en\":\"Turned off\",\"ru\":\"Выключен\"}','n',1104,'','000#D3D3D3','',''),
(1105,2332,'{\"en\":\"Queued for turning on\",\"ru\":\"В очереди на включение\"}','qy',1105,'','000#D3D3D3','','border: 3px solid blue;'),
(1106,2332,'{\"en\":\"Turned on\",\"ru\":\"Включен\"}','y',1106,'','240#0000FF','',''),
(1107,2332,'{\"en\":\"Queued for turning off\",\"ru\":\"В очереди на выключение\"}','qn',1107,'','240#0000FF','','border: 3px solid lightgray;'),
(1108,2333,'{\"en\":\"Turned off\",\"ru\":\"Выключен\"}','n',1108,'','000#D3D3D3','',''),
(1109,2333,'{\"en\":\"Queued for turning on\",\"ru\":\"В очереди на включение\"}','qy',1109,'','000#D3D3D3','','border: 3px solid blue;'),
(1110,2333,'{\"en\":\"Turned on\",\"ru\":\"Включен\"}','y',1110,'','240#0000FF','',''),
(1111,2333,'{\"en\":\"Queued for turning off\",\"ru\":\"В очереди на выключение\"}','qn',1111,'','240#0000FF','','border: 3px solid lightgray;'),
(1112,2334,'{\"en\":\"Turned off\",\"ru\":\"Выключен\"}','n',1112,'','000#D3D3D3','',''),
(1113,2334,'{\"en\":\"Queued for turning on\",\"ru\":\"В очереди на включение\"}','qy',1113,'','000#D3D3D3','','border: 3px solid blue;'),
(1114,2334,'{\"en\":\"Turned on\",\"ru\":\"Включен\"}','y',1114,'','240#0000FF','',''),
(1115,2334,'{\"en\":\"Queued for turning off\",\"ru\":\"В очереди на выключение\"}','qn',1115,'','240#0000FF','','border: 3px solid lightgray;'),
(1116,2342,'{\"ru\":\"Оценка масштабов\",\"en\":\"Scope assessment\"}','count',1116,'','','',''),
(1117,2342,'{\"ru\":\"Создание очереди\",\"en\":\"Queue creation\"}','items',1117,'','','',''),
(1118,2342,'{\"ru\":\"Процессинг очереди\",\"en\":\"Queue processing\"}','queue',1118,'','','',''),
(1119,2342,'{\"ru\":\"Применение результатов\",\"en\":\"Application of results\"}','apply',1119,'','','',''),
(1120,2343,'{\"ru\":\"Ожидание\",\"en\":\"Waiting\"}','waiting',1120,'','','',''),
(1121,2343,'{\"ru\":\"В работе\",\"en\":\"Progress\"}','progress',1121,'','','',''),
(1122,2343,'{\"ru\":\"Завершено\",\"en\":\"Completed\"}','finished',1122,'','','',''),
(1123,2346,'{\"ru\":\"Ожидание\",\"en\":\"Waiting\"}','waiting',1123,'','','',''),
(1124,2346,'{\"ru\":\"В работе\",\"en\":\"Progress\"}','progress',1124,'','','',''),
(1125,2346,'{\"ru\":\"Завершено\",\"en\":\"Completed\"}','finished',1125,'','','',''),
(1126,2349,'{\"ru\":\"Ожидание\",\"en\":\"Waiting\"}','waiting',1126,'','','',''),
(1127,2349,'{\"ru\":\"В работе\",\"en\":\"Progress\"}','progress',1127,'','','',''),
(1128,2349,'{\"ru\":\"Завершено\",\"en\":\"Completed\"}','finished',1128,'','','',''),
(1129,2353,'{\"ru\":\"Ожидание\",\"en\":\"Waiting\"}','waiting',1129,'','','',''),
(1130,2353,'{\"ru\":\"В работе\",\"en\":\"Progress\"}','progress',1130,'','','',''),
(1131,2353,'{\"ru\":\"Завершено\",\"en\":\"Completed\"}','finished',1131,'','','',''),
(1132,2353,'{\"ru\":\"Не требуется\",\"en\":\"Not required\"}','noneed',1132,'','','',''),
(1133,2356,'{\"ru\":\"Ожидание\",\"en\":\"Waiting\"}','waiting',1133,'','','',''),
(1134,2356,'{\"ru\":\"В работе\",\"en\":\"Progress\"}','progress',1134,'','','',''),
(1135,2356,'{\"ru\":\"Завершено\",\"en\":\"Completed\"}','finished',1135,'','','',''),
(1136,2362,'{\"ru\":\"Ожидание\",\"en\":\"Waiting\"}','waiting',1136,'','','',''),
(1137,2362,'{\"ru\":\"В работе\",\"en\":\"Progress\"}','progress',1137,'','','',''),
(1138,2362,'{\"ru\":\"Завершено\",\"en\":\"Completed\"}','finished',1138,'','','',''),
(1139,2365,'{\"ru\":\"Ожидание\",\"en\":\"Waiting\"}','waiting',1139,'','','',''),
(1140,2365,'{\"ru\":\"В работе\",\"en\":\"Progress\"}','progress',1140,'','','',''),
(1141,2365,'{\"ru\":\"Завершено\",\"en\":\"Completed\"}','finished',1141,'','','',''),
(1142,2368,'{\"ru\":\"Ожидание\",\"en\":\"Waiting\"}','waiting',1142,'','','',''),
(1143,2368,'{\"ru\":\"В работе\",\"en\":\"Progress\"}','progress',1143,'','','',''),
(1144,2368,'{\"ru\":\"Завершено\",\"en\":\"Completed\"}','finished',1144,'','','',''),
(1145,2368,'{\"ru\":\"Не требуется\",\"en\":\"Not required\"}','noneed',1145,'','','',''),
(1146,2371,'{\"ru\":\"Ожидание\",\"en\":\"Waiting\"}','waiting',1146,'','','',''),
(1147,2371,'{\"ru\":\"В работе\",\"en\":\"Progress\"}','progress',1147,'','','',''),
(1148,2371,'{\"ru\":\"Завершено\",\"en\":\"Completed\"}','finished',1148,'','','',''),
(1149,2378,'{\"ru\":\"Добавлен\",\"en\":\"Added\"}','items',1149,'','','',''),
(1150,2378,'{\"ru\":\"Обработан\",\"en\":\"Processed\"}','queue',1150,'','','',''),
(1151,2378,'{\"ru\":\"Применен\",\"en\":\"Applied\"}','apply',1151,'','','',''),
(1152,2381,'{\"ru\":\"Не указана\",\"en\":\"Not specified\"}','none',1152,'','','',''),
(1153,2381,'{\"ru\":\"AdminSystemUi\",\"en\":\"AdminSystemUi\"}','adminSystemUi',1153,'','','',''),
(1154,2381,'{\"ru\":\"AdminCustomUi\",\"en\":\"AdminCustomUi\"}','adminCustomUi',1154,'','','',''),
(1155,2381,'{\"ru\":\"AdminCustomData\",\"en\":\"AdminCustomData\"}','adminCustomData',1155,'','','',''),
(1156,2384,'{\"ru\":\"Проектная\",\"en\":\"Custom\"}','custom',1156,'','','',''),
(1157,2384,'{\"en\":\"System\",\"ru\":\"Системная\"}','system',1157,'','','000#FF0000',''),
(1158,2386,'{\"en\":\"Turned off\",\"ru\":\"Выключена\"}','n',1158,'','000#D3D3D3','',''),
(1159,2386,'{\"en\":\"Queued for turning on\",\"ru\":\"В очереди на включение\"}','qy',1159,'','000#D3D3D3','','border: 3px solid blue;'),
(1160,2386,'{\"en\":\"Turned on\",\"ru\":\"Включена\"}','y',1160,'','240#0000FF','',''),
(1161,2386,'{\"en\":\"Queued for turning off\",\"ru\":\"В очереди на выключение\"}','qn',1161,'','240#0000FF','','border: 3px solid lightgray;'),
(1169,2397,'{\"ru\":\"Сессия\",\"en\":\"Session\"}','session',1169,'','','',''),
(1170,2397,'{\"ru\":\"Вкладка\",\"en\":\"Tab\"}','channel',1170,'','','',''),
(1171,2397,'{\"ru\":\"Контекст\",\"en\":\"Context\"}','context',1171,'','','',''),
(1172,2410,'{\"ru\":\"Не применимо\",\"en\":\"Not applicable\"}','none',1172,'','','',''),
(1173,2410,'{\"ru\":\"Набор записей\",\"en\":\"Recordset\"}','rowset',1173,'','','',''),
(1174,2410,'{\"ru\":\"Одна запись\",\"en\":\"One entry\"}','row',1174,'','','',''),
(1176,1345,'{\"en\":\"No\",\"ru\":\"Нет\"}','0',1176,'','000#FFFFFF','','background: transparent;'),
(1177,1345,'{\"en\":\"Yes\",\"ru\":\"Да\"}','1',1177,'resources/images/icons/btn-icon-create-deny.png','','',''),
(1178,2312,'{\"en\":\"No\",\"ru\":\"Нет\"}','0',1178,'resources/images/icons/btn-icon-single-select.png','','',''),
(1179,2312,'{\"en\":\"Yes\",\"ru\":\"Да\"}','1',1179,'resources/images/icons/btn-icon-multi-select.png','','',''),
(1180,2310,'{\"en\":\"No\",\"ru\":\"Нет\"}','0',1180,'','000#FFFFFF','','background: transparent;'),
(1181,2310,'{\"en\":\"Yes\",\"ru\":\"Да\"}','1',1181,'resources/images/icons/btn-icon-numberer.png','','',''),
(1182,2100,'{\"ru\":\"Нет\",\"en\":\"No\"}','0',1183,'','','',''),
(1183,2100,'{\"ru\":\"Да\",\"en\":\"Yes\"}','1',1182,'','','',''),
(1184,2432,'{\"en\":\"No\",\"ru\":\"Нет\"}','n',1184,'','000#D3D3D3','',''),
(1185,2432,'{\"en\":\"Yes\",\"ru\":\" Да\"}','y',1185,'','240#0000FF','',''),
(1186,2451,'{\"ru\":\"Месяц\",\"en\":\"Month\"}','month',1186,'','','',''),
(1187,2451,'{\"ru\":\"День недели\",\"en\":\"Day of week\"}','week',1187,'','','',''),
(1188,2465,'{\"ru\":\"Нет\",\"en\":\"No\"}','none',1188,'','','',''),
(1189,2465,'{\"ru\":\"Email\",\"en\":\"Email\"}','email',1189,'','','',''),
(1190,2465,'{\"ru\":\"URL\",\"en\":\"Url\"}','url',1190,'','','',''),
(1191,2478,'{\"ru\":\"Месяц\",\"en\":\"Month\"}','month',1191,'','','',''),
(1192,2478,'{\"ru\":\"День недели\",\"en\":\"Day of week\"}','week',1192,'','','',''),
(1249,2353,'{\"en\":\"Error\",\"ru\":\"Ошибка\"}','error',1249,'','','000#FF0000',''),
(1250,2600,'{\"en\":\"Both dimensions, crop if need\",\"ru\":\"Оба измерения, обрезать при необходимости\"}','both',1250,'','','',''),
(1251,2600,'{\"en\":\"Width, auto fit height\",\"ru\":\"Ширина, высоту подгонять\"}','width',1251,'','','',''),
(1252,2600,'{\"en\":\"Height, auto fit width\",\"ru\":\"Высота, ширину подгонять\"}','height',1252,'','','',''),
(1253,2600,'{\"en\":\"Only one dimension, auto fit other\",\"ru\":\"Только одно измерение, другое подгонять\"}','auto',1253,'','','',''),
(1258,2609,'Включено','y',1258,'','120#00FF00','',''),
(1259,2609,'Выключено','n',1259,'','000#FF0000','',''),
(1260,2629,'{\"en\":\"Turned off\",\"ru\":\"Выключена\"}','n',1260,'','000#FFFFFF','',''),
(1261,2629,'{\"en\":\"Turned on\",\"ru\":\"Включена\"}','y',1261,'resources/images/icons/color-level.png','','',''),
(1262,2638,'{\"en\":\"No\",\"ru\":\"Нет\"}','n',1262,'','000#FFFFFF','',''),
(1263,2638,'{\"en\":\"Yes\",\"ru\":\"Да\"}','y',1263,'resources/images/icons/id.png','','',''),
(1264,2210,'{\"en\":\"Turned off, including enum-values cycling-by-clicking\",\"ru\":\"Выключен, в том числе смена значения из набора по клику\"}','enumNoCycle',1264,'','039#FFA500','',''),
(1265,2640,'{\"en\":\"No\",\"ru\":\"Нет\"}','no',1265,'','000#FFFFFF','',''),
(1266,2640,'{\"en\":\"Yes, for all actions\",\"ru\":\"Да, для всех действий\"}','yes',1266,'resources/images/icons/filter-key-red.png','','',''),
(1267,2640,'{\"en\":\"Yes, for certain actions\",\"ru\":\"Да, для некоторых действий\"}','certain',1267,'resources/images/icons/filter-key-blue.png','','',''),
(1268,2642,'{\"en\":\"No\",\"ru\":\"Нет\"}','no',1265,'','000#FFFFFF','',''),
(1269,2642,'{\"en\":\"Yes, for all owner roles\",\"ru\":\"Да, для всех ролей\"}','yes',1269,'resources/images/icons/filter-key-red.png','','',''),
(1270,2642,'{\"en\":\"Yes, for certain owner roles\",\"ru\":\"Да, для некоторых ролей\"}','certain',1270,'resources/images/icons/filter-key-blue.png','','',''),
(1271,2657,'{\"en\":\"No\",\"ru\":\"Нет\"}','none',1271,'','','',''),
(1272,2657,'{\"ru\":\"Да\",\"en\":\"Yes\"}','all',1272,'','','',''),
(1273,2660,'','-',1273,'','','',''),
(1274,2660,'CASCADE','CASCADE',1274,'','','',''),
(1275,2660,'SET NULL','SET NULL',1275,'','','',''),
(1276,2660,'RESTRICT','RESTRICT',1276,'','','','');

/*Table structure for table `field` */

DROP TABLE IF EXISTS `field`;

CREATE TABLE `field` (
  `id` int NOT NULL AUTO_INCREMENT,
  `entityId` int DEFAULT NULL,
  `entry` int NOT NULL DEFAULT '0',
  `title` text CHARACTER SET utf8mb4 COLLATE utf8mb4_unicode_ci NOT NULL,
  `alias` varchar(255) CHARACTER SET utf8mb4 COLLATE utf8mb4_unicode_ci NOT NULL DEFAULT '',
  `storeRelationAbility` enum('none','many','one') CHARACTER SET utf8mb4 COLLATE utf8mb4_unicode_ci NOT NULL DEFAULT 'none',
  `relation` int DEFAULT NULL,
  `filter` varchar(255) CHARACTER SET utf8mb4 COLLATE utf8mb4_unicode_ci NOT NULL DEFAULT '',
  `onDelete` enum('-','CASCADE','SET NULL','RESTRICT') COLLATE utf8mb4_unicode_ci NOT NULL DEFAULT '-',
  `mode` enum('regular','required','readonly','hidden') CHARACTER SET utf8mb4 COLLATE utf8mb4_unicode_ci NOT NULL DEFAULT 'regular',
  `elementId` int DEFAULT NULL,
  `tooltip` text CHARACTER SET utf8mb4 COLLATE utf8mb4_unicode_ci NOT NULL,
  `columnTypeId` int DEFAULT NULL,
  `defaultValue` varchar(255) CHARACTER SET utf8mb4 COLLATE utf8mb4_unicode_ci NOT NULL DEFAULT '',
  `l10n` enum('n','qy','y','qn') CHARACTER SET utf8mb4 COLLATE utf8mb4_unicode_ci NOT NULL DEFAULT 'n',
  `move` int NOT NULL DEFAULT '0',
  PRIMARY KEY (`id`),
  KEY `entityId` (`entityId`),
  KEY `columnTypeId` (`columnTypeId`),
  KEY `elementId` (`elementId`),
  KEY `relation` (`relation`),
  KEY `storeRelationAbility` (`storeRelationAbility`),
  KEY `mode` (`mode`),
  KEY `l10n` (`l10n`),
  KEY `entry` (`entry`),
  KEY `onDelete` (`onDelete`),
  FULLTEXT KEY `tooltip` (`tooltip`),
  FULLTEXT KEY `title` (`title`),
  CONSTRAINT `field_ibfk_columnTypeId` FOREIGN KEY (`columnTypeId`) REFERENCES `columnType` (`id`) ON DELETE RESTRICT ON UPDATE CASCADE,
  CONSTRAINT `field_ibfk_elementId` FOREIGN KEY (`elementId`) REFERENCES `element` (`id`) ON DELETE RESTRICT ON UPDATE CASCADE,
  CONSTRAINT `field_ibfk_entityId` FOREIGN KEY (`entityId`) REFERENCES `entity` (`id`) ON DELETE CASCADE ON UPDATE CASCADE,
  CONSTRAINT `field_ibfk_relation` FOREIGN KEY (`relation`) REFERENCES `entity` (`id`) ON DELETE RESTRICT ON UPDATE CASCADE
) ENGINE=InnoDB AUTO_INCREMENT=2661 DEFAULT CHARSET=utf8mb4 COLLATE=utf8mb4_unicode_ci;

/*Data for the table `field` */

insert  into `field`(`id`,`entityId`,`entry`,`title`,`alias`,`storeRelationAbility`,`relation`,`filter`,`onDelete`,`mode`,`elementId`,`tooltip`,`columnTypeId`,`defaultValue`,`l10n`,`move`) values 
(2,1,0,'{\"ru\":\"Тип столбца MySQL\",\"en\":\"MySQL column type\"}','type','none',NULL,'','-','required',1,'{\"ru\":\"\",\"en\":\"\"}',1,'','n',2),
(3,1,0,'{\"ru\":\"Можно хранить ключи\",\"en\":\"Compatible with foreign keys\"}','canStoreRelation','one',6,'','-','regular',5,'{\"ru\":\"\",\"en\":\"\"}',10,'n','y',3),
(4,2,0,'{\"ru\":\"Наименование\",\"en\":\"Title\"}','title','none',NULL,'','-','required',1,'{\"ru\":\"\",\"en\":\"\"}',4,'','y',4),
(5,2,0,'{\"ru\":\"Таблица БД\",\"en\":\"DB table\"}','table','none',NULL,'','-','required',1,'{\"ru\":\"\",\"en\":\"\"}',1,'','n',5),
(6,5,0,'{\"ru\":\"Сущность\",\"en\":\"Entity\"}','entityId','one',2,'','CASCADE','readonly',23,'{\"ru\":\"\",\"en\":\"\"}',3,'0','n',6),
(7,5,0,'{\"ru\":\"Наименование\",\"en\":\"Title\"}','title','none',NULL,'','-','required',1,'{\"ru\":\"\",\"en\":\"\"}',4,'','y',8),
(8,5,0,'{\"ru\":\"Псевдоним\",\"en\":\"Alias\"}','alias','none',NULL,'','-','required',1,'{\"ru\":\"\",\"en\":\"\"}',1,'','n',9),
(9,5,0,'{\"ru\":\"Тип столбца MySQL\",\"en\":\"MySQL column type\"}','columnTypeId','one',1,'','RESTRICT','regular',23,'{\"ru\":\"\",\"en\":\"\"}',3,'0','n',2413),
(10,5,0,'{\"ru\":\"Элемент управления\",\"en\":\"Element\"}','elementId','one',4,'','RESTRICT','required',23,'{\"ru\":\"\",\"en\":\"\"}',3,'0','n',428),
(11,5,0,'{\"ru\":\"Значение по умолчанию\",\"en\":\"Default value\"}','defaultValue','none',NULL,'','-','regular',1,'{\"ru\":\"\",\"en\":\"\"}',1,'','n',2414),
(12,5,0,'{\"ru\":\"Ключи какой сущности\",\"en\":\"Which entity keys\"}','relation','one',2,'','RESTRICT','regular',23,'{\"ru\":\"\",\"en\":\"\"}',3,'0','n',12),
(14,5,0,'{\"ru\":\"Порядок\",\"en\":\"Order\"}','move','none',NULL,'','-','regular',4,'{\"ru\":\"\",\"en\":\"\"}',3,'0','n',2660),
(15,6,0,'{\"ru\":\"Поле\",\"en\":\"Field\"}','fieldId','one',5,'','CASCADE','readonly',23,'{\"ru\":\"\",\"en\":\"\"}',3,'0','n',15),
(16,6,0,'{\"ru\":\"Наименование\",\"en\":\"Title\"}','title','none',NULL,'','-','required',1,'{\"ru\":\"\",\"en\":\"\"}',4,'','n',16),
(17,6,0,'{\"ru\":\"Псевдоним\",\"en\":\"Alias\"}','alias','none',NULL,'','-','required',1,'{\"ru\":\"\",\"en\":\"\"}',1,'','n',17),
(18,3,0,'{\"ru\":\"Вышестоящий раздел\",\"en\":\"Parent section\"}','sectionId','one',3,'','CASCADE','regular',23,'{\"ru\":\"\",\"en\":\"\"}',3,'0','n',22),
(19,3,0,'{\"ru\":\"Сущность\",\"en\":\"Entity\"}','entityId','one',2,'','CASCADE','regular',23,'{\"ru\":\"\",\"en\":\"\"}',3,'0','n',514),
(20,3,0,'{\"ru\":\"Наименование\",\"en\":\"Title\"}','title','none',NULL,'','-','required',1,'{\"ru\":\"\",\"en\":\"\"}',4,'','y',18),
(21,3,0,'{\"ru\":\"Контроллер\",\"en\":\"Controller\"}','alias','none',NULL,'','-','required',1,'{\"ru\":\"\",\"en\":\"\"}',1,'','n',19),
(22,3,0,'{\"ru\":\"Статус\",\"en\":\"Toggle\"}','toggle','one',6,'','-','regular',23,'{\"ru\":\"\",\"en\":\"\"}',10,'y','y',20),
(23,3,0,'{\"ru\":\"Порядок\",\"en\":\"Order\"}','move','none',NULL,'','-','regular',4,'{\"ru\":\"\",\"en\":\"\"}',3,'','n',1278),
(25,3,0,'{\"ru\":\"Количество записей на странице\",\"en\":\"Number of records per page\"}','rowsOnPage','none',NULL,'','-','regular',18,'{\"ru\":\"\",\"en\":\"\"}',3,'25','n',2312),
(26,8,0,'{\"ru\":\"Раздел\",\"en\":\"Section\"}','sectionId','one',3,'','CASCADE','readonly',23,'{\"ru\":\"\",\"en\":\"\"}',3,'','n',26),
(27,8,0,'{\"ru\":\"Действие\",\"en\":\"Action\"}','actionId','one',7,'','CASCADE','required',23,'{\"ru\":\"\",\"en\":\"\"}',3,'','n',27),
(28,8,0,'{\"en\":\"Roles\",\"ru\":\"Роли\"}','roleIds','many',10,'','-','regular',23,'{\"ru\":\"\",\"en\":\"\"}',1,'14','n',30),
(29,8,0,'{\"ru\":\"Статус\",\"en\":\"Toggle\"}','toggle','one',6,'','-','regular',23,'{\"ru\":\"\",\"en\":\"\"}',10,'y','y',28),
(30,8,0,'{\"ru\":\"Порядок\",\"en\":\"Order\"}','move','none',NULL,'','-','regular',4,'{\"ru\":\"\",\"en\":\"\"}',3,'','n',2212),
(31,7,0,'{\"ru\":\"Наименование\",\"en\":\"Title\"}','title','none',NULL,'','-','required',1,'{\"ru\":\"\",\"en\":\"\"}',4,'','y',26),
(32,7,0,'{\"ru\":\"Псевдоним\",\"en\":\"Alias\"}','alias','none',NULL,'','-','required',1,'{\"ru\":\"\",\"en\":\"\"}',1,'','n',27),
(33,9,0,'{\"ru\":\"Раздел\",\"en\":\"Section\"}','sectionId','one',3,'','CASCADE','readonly',23,'{\"ru\":\"\",\"en\":\"\"}',3,'','n',28),
(34,9,0,'{\"ru\":\"Поле\",\"en\":\"Field\"}','fieldId','one',5,'','CASCADE','required',23,'{\"ru\":\"\",\"en\":\"\"}',3,'','n',29),
(35,9,0,'{\"ru\":\"Порядок\",\"en\":\"Order\"}','move','none',NULL,'','-','regular',4,'{\"ru\":\"\",\"en\":\"\"}',3,'','n',2196),
(36,10,0,'{\"ru\":\"Наименование\",\"en\":\"Title\"}','title','none',NULL,'','-','required',1,'{\"ru\":\"\",\"en\":\"\"}',4,'','y',31),
(37,10,0,'{\"ru\":\"Статус\",\"en\":\"Toggle\"}','toggle','one',6,'','-','regular',23,'{\"ru\":\"\",\"en\":\"\"}',10,'y','y',2131),
(38,11,0,'{\"ru\":\"Роль\",\"en\":\"Role\"}','roleId','one',10,'','CASCADE','readonly',23,'{\"ru\":\"\",\"en\":\"\"}',3,'0','n',33),
(39,11,0,'{\"ru\":\"Имя\",\"en\":\"Title\"}','title','none',NULL,'','-','required',1,'{\"ru\":\"\",\"en\":\"\"}',4,'','y',34),
(40,11,0,'{\"ru\":\"Логин\",\"en\":\"Login\"}','email','none',NULL,'','-','required',1,'{\"ru\":\"\",\"en\":\"\"}',1,'','n',35),
(41,11,0,'{\"ru\":\"Пароль\",\"en\":\"Password\"}','password','none',NULL,'','-','required',1,'{\"ru\":\"\",\"en\":\"\"}',1,'','n',37),
(42,11,0,'{\"ru\":\"Статус\",\"en\":\"Toggle\"}','toggle','one',6,'','-','regular',23,'{\"ru\":\"\",\"en\":\"\"}',10,'y','y',2318),
(64,4,0,'{\"ru\":\"Наименование\",\"en\":\"Title\"}','title','none',NULL,'','-','required',1,'{\"ru\":\"\",\"en\":\"\"}',4,'','y',53),
(65,4,0,'{\"ru\":\"Псевдоним\",\"en\":\"Alias\"}','alias','none',NULL,'','-','required',1,'{\"ru\":\"\",\"en\":\"\"}',1,'','n',2456),
(66,4,0,'{\"ru\":\"Совместимость с внешними ключами\",\"en\":\"Foreign keys compatibility\"}','storeRelationAbility','many',6,'','-','regular',23,'{\"ru\":\"\",\"en\":\"\"}',11,'none','y',2457),
(92,4,0,'{\"ru\":\"Не отображать в формах\",\"en\":\"Hide in forms\"}','hidden','none',NULL,'','-','regular',9,'{\"ru\":\"\",\"en\":\"\"}',12,'0','n',2460),
(106,20,0,'{\"ru\":\"Поле\",\"en\":\"Field\"}','fieldId','one',5,'','CASCADE','required',23,'{\"ru\":\"\",\"en\":\"\"}',3,'0','n',86),
(107,20,0,'{\"en\":\"Note\",\"ru\":\"Комментарий\"}','note','none',NULL,'','-','regular',1,'{\"ru\":\"\",\"en\":\"\"}',4,'','y',2600),
(108,20,0,'{\"ru\":\"Псевдоним\",\"en\":\"Alias\"}','alias','none',NULL,'','-','required',1,'{\"ru\":\"\",\"en\":\"\"}',1,'','n',87),
(109,20,0,'{\"ru\":\"Ширина\",\"en\":\"Width\"}','width','none',NULL,'','-','regular',18,'{\"ru\":\"\",\"en\":\"\"}',3,'0','n',90),
(110,20,0,'{\"ru\":\"Высота\",\"en\":\"Height\"}','height','none',NULL,'','-','regular',18,'{\"ru\":\"\",\"en\":\"\"}',3,'0','n',92),
(345,7,0,'{\"ru\":\"Нужно выбрать запись\",\"en\":\"Selection required\"}','selectionRequired','one',6,'','-','regular',5,'{\"ru\":\"\",\"en\":\"\"}',10,'y','y',308),
(377,6,0,'{\"ru\":\"Порядок\",\"en\":\"Order\"}','move','none',NULL,'','-','regular',4,'{\"ru\":\"\",\"en\":\"\"}',3,'0','n',338),
(470,5,0,'{\"ru\":\"Хранит ключи\",\"en\":\"Store keys\"}','storeRelationAbility','one',6,'','-','regular',23,'{\"ru\":\"\",\"en\":\"\"}',10,'none','y',11),
(475,1,0,'{\"ru\":\"Совместимые элементы управления\",\"en\":\"Compatible with form elements\"}','elementId','many',4,'','-','required',23,'{\"ru\":\"\",\"en\":\"\"}',1,'','n',433),
(476,91,0,'{\"ru\":\"Поле\",\"en\":\"Field\"}','fieldId','one',5,'','CASCADE','required',23,'{\"ru\":\"\",\"en\":\"\"}',3,'0','n',434),
(502,3,0,'{\"ru\":\"PHP\",\"en\":\"PHP\"}','extendsPhp','none',NULL,'','-','regular',1,'{\"ru\":\"Родительский класс PHP\",\"en\":\"Parent PHP class\"}',1,'Indi_Controller_Admin','n',461),
(503,3,0,'{\"ru\":\"Сортировка\",\"en\":\"Sort by\"}','defaultSortField','one',5,'','SET NULL','regular',23,'{\"ru\":\"\",\"en\":\"\"}',3,'0','n',2309),
(555,2,0,'{\"ru\":\"Родительский класс PHP\",\"en\":\"Parent PHP class\"}','extends','none',NULL,'','-','required',1,'{\"ru\":\"\",\"en\":\"\"}',1,'Indi_Db_Table','n',512),
(557,3,0,'{\"ru\":\"Направление сортировки\",\"en\":\"Sort direction\"}','defaultSortDirection','one',6,'','-','regular',23,'{\"ru\":\"\",\"en\":\"\"}',10,'ASC','y',2310),
(612,2,0,'{\"ru\":\"Фракция\",\"en\":\"Fraction\"}','fraction','one',6,'','-','regular',23,'{\"ru\":\"\",\"en\":\"\"}',10,'custom','y',559),
(754,5,0,'{\"ru\":\"Статическая фильтрация\",\"en\":\"Filtering through SQL WHERE\"}','filter','none',NULL,'','-','regular',1,'{\"ru\":\"\",\"en\":\"\"}',1,'','n',13),
(767,3,0,'{\"ru\":\"Фильтрация через SQL WHERE\",\"en\":\"Filtering through SQL WHERE\"}','filter','none',NULL,'','-','regular',1,'{\"ru\":\"\",\"en\":\"\"}',1,'','n',2213),
(1337,10,0,'{\"ru\":\"Сущность пользователей\",\"en\":\"Entity of users\"}','entityId','one',2,'`fraction`= \"custom\"','RESTRICT','regular',23,'{\"ru\":\"\",\"en\":\"\"}',3,'11','n',2132),
(1341,171,0,'{\"ru\":\"Раздел\",\"en\":\"Section\"}','sectionId','one',3,'','CASCADE','readonly',23,'{\"ru\":\"\",\"en\":\"\"}',3,'0','n',1275),
(1342,171,0,'{\"ru\":\"Поле\",\"en\":\"Field\"}','fieldId','one',5,'','CASCADE','required',23,'{\"ru\":\"\",\"en\":\"\"}',3,'0','n',1276),
(1345,3,0,'{\"ru\":\"Запретить создание новых записей\",\"en\":\"Prevent creation of new records\"}','disableAdd','one',6,'','-','regular',23,'{\"ru\":\"\",\"en\":\"\"}',10,'0','y',2211),
(1364,7,0,'{\"ru\":\"Фракция\",\"en\":\"Fraction\"}','fraction','one',6,'','-','regular',5,'{\"ru\":\"\",\"en\":\"\"}',10,'custom','y',2099),
(1366,3,0,'{\"ru\":\"Фракция\",\"en\":\"Fraction\"}','fraction','one',6,'','-','regular',23,'{\"ru\":\"\",\"en\":\"\"}',10,'custom','y',21),
(1442,195,0,'{\"ru\":\"Раздел\",\"en\":\"Section\"}','sectionId','one',3,'','CASCADE','readonly',23,'{\"ru\":\"\",\"en\":\"\"}',3,'0','n',1313),
(1443,195,0,'{\"ru\":\"Поле\",\"en\":\"Field\"}','fieldId','one',5,'`elementId` NOT IN (4,14,16,20,22)','CASCADE','required',23,'{\"ru\":\"\",\"en\":\"\"}',3,'0','n',1314),
(1444,195,0,'{\"ru\":\"Порядок\",\"en\":\"Order\"}','move','none',NULL,'','-','regular',4,'{\"ru\":\"\",\"en\":\"\"}',3,'0','n',1316),
(1445,195,0,'{\"ru\":\"Статус\",\"en\":\"Toggle\"}','toggle','one',6,'','-','regular',23,'{\"ru\":\"\",\"en\":\"\"}',10,'y','y',2184),
(1532,171,0,'{\"ru\":\"Значение по умолчанию\",\"en\":\"Default value\"}','defaultValue','none',NULL,'','-','regular',1,'{\"ru\":\"\",\"en\":\"\"}',1,'','n',2609),
(1554,3,0,'{\"ru\":\"Связь с вышестоящим разделом по полю\",\"en\":\"Link to a parent section by field\"}','parentSectionConnector','one',5,'`storeRelationAbility`!=\"none\"','RESTRICT','regular',23,'{\"ru\":\"\",\"en\":\"\"}',3,'0','n',1277),
(1658,195,0,'{\"ru\":\"Переименовать\",\"en\":\"Rename\"}','rename','none',NULL,'','-','regular',1,'{\"ru\":\"\",\"en\":\"\"}',4,'','y',2198),
(1886,9,0,'{\"ru\":\"Переименовать\",\"en\":\"Rename\"}','rename','none',NULL,'','-','regular',1,'{\"ru\":\"\",\"en\":\"\"}',4,'','y',2304),
(2100,7,0,'{\"ru\":\"Отображать в панели действий\",\"en\":\"Show in action bar\"}','display','one',6,'','-','regular',23,'{\"ru\":\"\",\"en\":\"\"}',10,'1','y',2100),
(2131,10,0,'{\"ru\":\"Дэшборд\",\"en\":\"Dashboard uri\"}','dashboard','none',NULL,'','-','regular',1,'{\"ru\":\"\",\"en\":\"\"}',1,'','n',2215),
(2132,10,0,'{\"ru\":\"Порядок\",\"en\":\"Order\"}','move','none',NULL,'','-','regular',4,'{\"ru\":\"\",\"en\":\"\"}',3,'0','n',2319),
(2159,9,0,'{\"ru\":\"Статус\",\"en\":\"Toggle\"}','toggle','one',6,'','-','regular',23,'{\"ru\":\"\",\"en\":\"\"}',10,'y','y',2165),
(2161,171,0,'{\"ru\":\"Режим\",\"en\":\"Mode\"}','mode','one',6,'','-','regular',23,'{\"ru\":\"\",\"en\":\"\"}',10,'inherit','y',2385),
(2163,2,0,'{\"ru\":\"Заголовочное поле\",\"en\":\"Title field\"}','titleFieldId','one',5,'`entityId` = \"<?=$this->id?>\" AND `columnTypeId` != \"0\"','SET NULL','regular',23,'{\"ru\":\"\",\"en\":\"\"}',3,'0','n',2163),
(2164,8,0,'{\"ru\":\"Auto title\",\"en\":\"Auto title\"}','title','none',NULL,'','-','hidden',1,'{\"ru\":\"\",\"en\":\"\"}',4,'','y',2214),
(2165,9,0,'{\"ru\":\"Auto title\",\"en\":\"Auto title\"}','title','none',NULL,'','-','hidden',1,'{\"ru\":\"\",\"en\":\"\"}',4,'','y',2200),
(2166,91,0,'{\"ru\":\"Auto title\",\"en\":\"Auto title\"}','title','none',NULL,'','-','hidden',1,'{\"ru\":\"\",\"en\":\"\"}',4,'','y',2166),
(2167,195,0,'{\"ru\":\"Auto title\",\"en\":\"Auto title\"}','title','none',NULL,'','-','hidden',1,'{\"ru\":\"\",\"en\":\"\"}',4,'','y',2182),
(2169,171,0,'{\"ru\":\"Auto title\",\"en\":\"Auto title\"}','title','none',NULL,'','-','hidden',1,'{\"ru\":\"\",\"en\":\"\"}',4,'','y',1402),
(2182,195,0,'{\"ru\":\"Значение по умолчанию\",\"en\":\"Default value\"}','defaultValue','none',NULL,'','-','regular',1,'{\"ru\":\"\",\"en\":\"\"}',1,'','n',2167),
(2183,195,0,'{\"ru\":\"Фильтрация\",\"en\":\"Filtering through SQL WHERE\"}','filter','none',NULL,'','-','regular',1,'{\"ru\":\"\",\"en\":\"\"}',1,'','n',1520),
(2184,195,0,'{\"ru\":\"Игнорировать шаблон опций\",\"en\":\"Ignore option template\"}','ignoreTemplate','none',NULL,'','-','regular',9,'{\"ru\":\"\",\"en\":\"\"}',12,'1','n',2421),
(2196,9,0,'{\"ru\":\"Вышестоящий столбец\",\"en\":\"Parent column\"}','gridId','one',9,'`sectionId` = \"<?=$this->sectionId?>\"','CASCADE','regular',23,'{\"ru\":\"\",\"en\":\"\"}',3,'0','n',1738),
(2197,5,0,'{\"ru\":\"Режим\",\"en\":\"Mode\"}','mode','one',6,'','-','regular',23,'{\"ru\":\"\",\"en\":\"\"}',10,'regular','y',414),
(2198,195,0,'{\"ru\":\"Непустой результат\",\"en\":\"Non-empty result\"}','consistence','none',NULL,'','-','regular',9,'{\"ru\":\"\",\"en\":\"\"}',12,'1','n',2419),
(2199,5,0,'{\"ru\":\"Подсказка\",\"en\":\"Tooltip\"}','tooltip','none',NULL,'','-','regular',6,'{\"ru\":\"\",\"en\":\"\"}',4,'','y',523),
(2200,9,0,'{\"ru\":\"Подсказка\",\"en\":\"Tooltip\"}','tooltip','none',NULL,'','-','regular',6,'{\"ru\":\"\",\"en\":\"\"}',4,'','y',2305),
(2202,7,0,'{\"ru\":\"Статус\",\"en\":\"Toggle\"}','toggle','one',6,'','-','regular',23,'{\"ru\":\"\",\"en\":\"\"}',10,'y','y',2202),
(2203,195,0,'{\"en\":\"Roles\",\"ru\":\"Роли\"}','accessRoles','one',6,'','-','regular',23,'{\"ru\":\"\",\"en\":\"\"}',10,'all','y',2311),
(2204,195,0,'{\"en\":\"Except\",\"ru\":\"Кроме\"}','accessExcept','many',10,'','-','regular',23,'{\"ru\":\"\",\"en\":\"\"}',1,'','n',2314),
(2205,9,0,'{\"en\":\"Roles\",\"ru\":\"Роли\"}','accessRoles','one',6,'','-','regular',23,'{\"ru\":\"\",\"en\":\"\"}',10,'all','y',2613),
(2206,9,0,'{\"en\":\"Except\",\"ru\":\"Кроме\"}','accessExcept','many',10,'','-','regular',7,'{\"ru\":\"\",\"en\":\"\"}',1,'','n',2614),
(2207,171,0,'{\"en\":\"Roles\",\"ru\":\"Роли\"}','accessRoles','one',6,'','-','regular',23,'{\"ru\":\"\",\"en\":\"\"}',10,'all','y',2207),
(2209,8,0,'{\"ru\":\"Переименовать\",\"en\":\"Rename\"}','rename','none',NULL,'','-','regular',1,'{\"ru\":\"\",\"en\":\"\"}',4,'','y',2642),
(2210,9,0,'{\"ru\":\"Редактор\",\"en\":\"Cell editor\"}','editor','one',6,'','-','regular',23,'{\"ru\":\"\",\"en\":\"\"}',10,'0','y',2313),
(2211,3,0,'{\"ru\":\"Группировка\",\"en\":\"Group by\"}','groupBy','one',5,'','SET NULL','regular',23,'{\"ru\":\"\",\"en\":\"\"}',3,'0','n',2426),
(2212,8,0,'{\"ru\":\"Южная панель\",\"en\":\"South panel display mode\"}','south','one',6,'','-','regular',23,'{\"ru\":\"\",\"en\":\"South panel display mode\"}',10,'auto','y',2639),
(2213,3,0,'{\"ru\":\"Режим подгрузки\",\"en\":\"Loading mode\"}','rowsetSeparate','one',6,'','-','regular',23,'{\"ru\":\"\",\"en\":\"\"}',10,'auto','y',2303),
(2214,8,0,'{\"ru\":\"Автосайз окна\",\"en\":\"Autosize windows\"}','fitWindow','one',6,'','-','regular',23,'{\"ru\":\"\",\"en\":\"\"}',10,'y','y',2641),
(2215,10,0,'{\"ru\":\"Максимальное количество окон\",\"en\":\"Maximum number of windows\"}','maxWindows','none',NULL,'','-','regular',18,'{\"ru\":\"\",\"en\":\"\"}',3,'15','n',2384),
(2236,307,0,'{\"ru\":\"Наименование\",\"en\":\"Title\"}','title','none',NULL,'','-','required',1,'{\"ru\":\"\",\"en\":\"\"}',1,'','n',2236),
(2237,307,0,'{\"ru\":\"Ключ\",\"en\":\"Key\"}','alias','none',NULL,'','-','required',1,'{\"ru\":\"\",\"en\":\"\"}',1,'','n',2237),
(2238,307,0,'{\"ru\":\"Статус\",\"en\":\"Toggle\"}','toggle','one',6,'','-','regular',23,'{\"ru\":\"\",\"en\":\"\"}',10,'y','y',2238),
(2239,5,0,'{\"ru\":\"Мультиязычность\",\"en\":\"Localization\"}','l10n','one',6,'','-','regular',23,'{\"ru\":\"\",\"en\":\"\"}',10,'n','y',2435),
(2243,2,0,'{\"ru\":\"Паттерн комплекта календарных полей\",\"en\":\"Calendar fields pattern\"}','spaceScheme','one',6,'','-','regular',23,'{\"ru\":\"\",\"en\":\"\"}',10,'none','y',2243),
(2244,2,0,'{\"ru\":\"Комплект календарных полей\",\"en\":\"Set of calendar fields\"}','spaceFields','many',5,'`entityId` = \"<?=$this->id?>\"','-','regular',23,'{\"ru\":\"\",\"en\":\"\"}',1,'','n',2244),
(2245,308,0,'{\"ru\":\"Сущность\",\"en\":\"Entity\"}','entityId','one',2,'','CASCADE','hidden',23,'{\"ru\":\"\",\"en\":\"\"}',3,'0','n',2245),
(2246,308,0,'{\"ru\":\"Поле\",\"en\":\"Field\"}','fieldId','one',5,'','CASCADE','readonly',23,'{\"ru\":\"\",\"en\":\"\"}',3,'0','n',2246),
(2247,308,0,'{\"ru\":\"От какого поля зависит\",\"en\":\"Depends on\"}','consider','one',5,'`id` != \"<?=$this->fieldId?>\" AND `columnTypeId` != \"0\"','CASCADE','required',23,'{\"ru\":\"\",\"en\":\"\"}',3,'0','n',2247),
(2248,308,0,'{\"ru\":\"Поле по ключу\",\"en\":\"Further field\"}','foreign','one',5,'','CASCADE','regular',23,'{\"ru\":\"\",\"en\":\"\"}',3,'0','n',2248),
(2249,308,0,'{\"ru\":\"Auto title\",\"en\":\"Auto title\"}','title','none',NULL,'','-','hidden',1,'{\"ru\":\"\",\"en\":\"\"}',4,'','y',2249),
(2250,171,0,'{\"ru\":\"Кроме\",\"en\":\"Except\"}','accessExcept','many',10,'','-','regular',7,'{\"ru\":\"\",\"en\":\"\"}',1,'','n',2250),
(2251,171,0,'{\"ru\":\"Изменить свойства\",\"en\":\"Adjust properties\"}','alter','none',NULL,'','-','regular',16,'{\"ru\":\"\",\"en\":\"\"}',NULL,'','n',2251),
(2252,171,0,'{\"ru\":\"Наименование\",\"en\":\"Name\"}','rename','none',NULL,'','-','regular',1,'{\"ru\":\"\",\"en\":\"\"}',4,'','y',2252),
(2254,309,0,'{\"ru\":\"Наименование\",\"en\":\"Title\"}','title','none',NULL,'','-','required',1,'{\"ru\":\"\",\"en\":\"\"}',4,'','y',2254),
(2255,309,0,'{\"ru\":\"Сущность\",\"en\":\"Entity\"}','entityId','one',2,'','CASCADE','required',23,'{\"ru\":\"\",\"en\":\"\"}',3,'0','n',2257),
(2256,309,0,'{\"ru\":\"Событие \\/ PHP\",\"en\":\"Event \\/ PHP\"}','event','none',NULL,'','-','regular',1,'{\"ru\":\"\",\"en\":\"\"}',1,'','n',2258),
(2257,309,0,'{\"ru\":\"Получатели\",\"en\":\"Recipients\"}','roleId','many',10,'','-','required',23,'{\"ru\":\"\",\"en\":\"\"}',1,'','n',2259),
(2258,309,0,'{\"ru\":\"Статус\",\"en\":\"Toggle\"}','toggle','one',6,'','-','regular',23,'{\"ru\":\"\",\"en\":\"\"}',10,'y','y',2260),
(2259,309,0,'{\"ru\":\"Счетчик\",\"en\":\"Counter\"}','qty','none',NULL,'','-','regular',16,'{\"ru\":\"\",\"en\":\"\"}',NULL,'','n',2261),
(2260,309,0,'{\"ru\":\"Отображение \\/ SQL\",\"en\":\"Calculation \\/ SQL\"}','qtySql','none',NULL,'','-','required',1,'{\"ru\":\"\",\"en\":\"\"}',1,'','n',2262),
(2261,309,0,'{\"ru\":\"Направление изменения\",\"en\":\"Direction of change\"}','qtyDiffRelyOn','one',6,'','-','regular',23,'{\"ru\":\"\",\"en\":\"\"}',10,'event','y',2263),
(2262,309,0,'{\"ru\":\"Пункты меню\",\"en\":\"Menu items\"}','sectionId','many',3,'','-','regular',23,'{\"ru\":\"\",\"en\":\"\"}',1,'','n',2264),
(2263,309,0,'{\"ru\":\"Цвет фона\",\"en\":\"Background color\"}','bg','none',NULL,'','-','regular',11,'{\"ru\":\"\",\"en\":\"\"}',13,'195#008dbc','n',2265),
(2264,309,0,'{\"ru\":\"Цвет текста\",\"en\":\"Foreground color\"}','fg','none',NULL,'','-','regular',11,'{\"ru\":\"\",\"en\":\"\"}',13,'000#ffffff','n',2266),
(2265,309,0,'{\"ru\":\"Подсказка\",\"en\":\"Tooltip\"}','tooltip','none',NULL,'','-','regular',6,'{\"ru\":\"\",\"en\":\"\"}',4,'','y',2267),
(2266,309,0,'{\"ru\":\"Сообщение\",\"en\":\"Message\"}','tpl','none',NULL,'','-','regular',16,'{\"ru\":\"\",\"en\":\"\"}',NULL,'','n',2268),
(2267,309,0,'{\"ru\":\"Назначение\",\"en\":\"Type\"}','tplFor','one',6,'','-','regular',23,'{\"ru\":\"\",\"en\":\"\"}',10,'inc','y',2269),
(2268,309,0,'{\"ru\":\"Заголовок\",\"en\":\"Heading\"}','tplIncSubj','none',NULL,'','-','regular',1,'{\"ru\":\"\",\"en\":\"\"}',4,'','y',2270),
(2269,309,0,'{\"ru\":\"Текст\",\"en\":\"Text\"}','tplIncBody','none',NULL,'','-','regular',6,'{\"ru\":\"\",\"en\":\"\"}',4,'','y',2271),
(2270,309,0,'{\"ru\":\"Заголовок\",\"en\":\"Heading\"}','tplDecSubj','none',NULL,'','-','regular',1,'{\"ru\":\"\",\"en\":\"\"}',4,'','y',2272),
(2271,309,0,'{\"ru\":\"Текст\",\"en\":\"Text\"}','tplDecBody','none',NULL,'','-','regular',6,'{\"ru\":\"\",\"en\":\"\"}',4,'','y',2273),
(2272,309,0,'{\"ru\":\"Заголовок\",\"en\":\"Heading\"}','tplEvtSubj','none',NULL,'','-','regular',1,'{\"ru\":\"\",\"en\":\"\"}',4,'','y',2321),
(2273,309,0,'{\"ru\":\"Сообщение\",\"en\":\"Message\"}','tplEvtBody','none',NULL,'','-','regular',6,'{\"ru\":\"\",\"en\":\"\"}',4,'','y',2595),
(2274,310,0,'{\"ru\":\"Уведомление\",\"en\":\"Notification\"}','noticeId','one',309,'','CASCADE','readonly',23,'{\"ru\":\"\",\"en\":\"\"}',3,'0','n',2275),
(2275,310,0,'{\"ru\":\"Роль\",\"en\":\"Role\"}','roleId','one',10,'','CASCADE','readonly',23,'{\"ru\":\"\",\"en\":\"\"}',3,'0','n',2276),
(2276,310,0,'{\"ru\":\"Критерий\",\"en\":\"Criteria\"}','criteriaRelyOn','one',6,'','-','regular',5,'{\"ru\":\"\",\"en\":\"\"}',10,'event','y',2277),
(2277,310,0,'{\"ru\":\"Общий\",\"en\":\"Shared\"}','criteriaEvt','none',NULL,'','-','regular',1,'{\"ru\":\"\",\"en\":\"\"}',1,'','n',2278),
(2278,310,0,'{\"ru\":\"Для увеличения\",\"en\":\"Separate - for increase\"}','criteriaInc','none',NULL,'','-','regular',1,'{\"ru\":\"\",\"en\":\"\"}',1,'','n',2279),
(2279,310,0,'{\"ru\":\"Для уменьшения\",\"en\":\"Separate - for decrease\"}','criteriaDec','none',NULL,'','-','regular',1,'{\"ru\":\"\",\"en\":\"\"}',1,'','n',2280),
(2280,310,0,'{\"ru\":\"Ауто титле\",\"en\":\"Auto title\"}','title','none',NULL,'','-','hidden',1,'{\"ru\":\"\",\"en\":\"\"}',4,'','y',2281),
(2281,310,0,'{\"ru\":\"Дублирование на почту\",\"en\":\"Duplication by email\"}','email','one',6,'','-','regular',23,'{\"ru\":\"\",\"en\":\"\"}',10,'n','y',2283),
(2282,310,0,'{\"ru\":\"Дублирование в ВК\",\"en\":\"Duplication in VK\"}','vk','one',6,'','-','regular',23,'{\"ru\":\"\",\"en\":\"\"}',10,'n','y',2284),
(2283,310,0,'{\"ru\":\"Дублирование по SMS\",\"en\":\"Duplication by SMS\"}','sms','one',6,'','-','regular',23,'{\"ru\":\"\",\"en\":\"\"}',10,'n','y',2659),
(2286,311,0,'{\"ru\":\"Наименование\",\"en\":\"Name\"}','title','none',NULL,'','-','required',1,'{\"ru\":\"\",\"en\":\"\"}',1,'','n',2286),
(2287,312,0,'{\"ru\":\"Год\",\"en\":\"Year\"}','yearId','one',311,'','CASCADE','required',23,'{\"ru\":\"\",\"en\":\"\"}',3,'0','n',2287),
(2288,312,0,'{\"ru\":\"Месяц\",\"en\":\"Month\"}','month','one',6,'','-','regular',23,'{\"ru\":\"\",\"en\":\"\"}',10,'01','y',2288),
(2289,312,0,'{\"ru\":\"Наименование\",\"en\":\"Name\"}','title','none',NULL,'','-','regular',1,'{\"ru\":\"\",\"en\":\"\"}',4,'','y',2289),
(2290,312,0,'{\"ru\":\"Порядок\",\"en\":\"Order\"}','move','none',NULL,'','-','regular',4,'{\"ru\":\"\",\"en\":\"\"}',3,'0','n',2290),
(2291,313,0,'{\"ru\":\"Сущность\",\"en\":\"Entity\"}','entityId','one',2,'','CASCADE','readonly',23,'{\"ru\":\"\",\"en\":\"\"}',3,'0','n',2291),
(2292,313,0,'{\"en\":\"Entry\",\"ru\":\"Запись\"}','entryId','one',NULL,'','-','readonly',23,'{\"ru\":\"\",\"en\":\"\"}',3,'0','n',2292),
(2293,313,0,'{\"ru\":\"Что изменено\",\"en\":\"What&#39;s changed\"}','fieldId','one',5,'`columnTypeId` != \"0\"','CASCADE','readonly',23,'{\"ru\":\"\",\"en\":\"\"}',3,'0','n',2293),
(2294,313,0,'{\"ru\":\"Было\",\"en\":\"It was\"}','was','none',NULL,'','-','readonly',13,'{\"ru\":\"\",\"en\":\"\"}',4,'','n',2294),
(2295,313,0,'{\"ru\":\"Стало\",\"en\":\"Has become\"}','now','none',NULL,'','-','readonly',13,'{\"ru\":\"\",\"en\":\"\"}',4,'','n',2295),
(2296,313,0,'{\"ru\":\"Когда\",\"en\":\"When\"}','datetime','none',NULL,'','-','readonly',19,'{\"ru\":\"\",\"en\":\"\"}',9,'0000-00-00 00:00:00','n',2296),
(2297,313,0,'{\"ru\":\"Месяц\",\"en\":\"Month\"}','monthId','one',312,'','CASCADE','readonly',23,'{\"ru\":\"\",\"en\":\"\"}',3,'0','n',2297),
(2299,313,0,'{\"ru\":\"Автор\",\"en\":\"Author\"}','adminId','one',NULL,'','-','readonly',23,'{\"ru\":\"\",\"en\":\"\"}',3,'0','n',2299),
(2300,313,0,'{\"ru\":\"Роль\",\"en\":\"Role\"}','roleId','one',10,'','CASCADE','readonly',23,'{\"ru\":\"\",\"en\":\"\"}',3,'0','n',2300),
(2301,3,0,'{\"ru\":\"Разворачивать пункт меню\",\"en\":\"Expand menu item\"}','expand','one',6,'','-','regular',23,'{\"ru\":\"\",\"en\":\"\"}',10,'all','y',23),
(2302,3,0,'{\"ru\":\"Выбранные\",\"en\":\"Chosen\"}','expandRoles','many',10,'','-','regular',23,'{\"ru\":\"\",\"en\":\"\"}',1,'','n',25),
(2303,3,0,'{\"ru\":\"Доступ\",\"en\":\"Access\"}','roleIds','many',10,'','-','hidden',23,'{\"ru\":\"\",\"en\":\"\"}',1,'','n',2430),
(2304,9,0,'{\"en\":\"Summary\",\"ru\":\"Итого\"}','summaryType','one',6,'','-','regular',23,'{\"ru\":\"\",\"en\":\"\"}',10,'none','y',2423),
(2305,9,0,'{\"ru\":\"Текст\",\"en\":\"Text\"}','summaryText','none',NULL,'','-','regular',1,'{\"ru\":\"\",\"en\":\"\"}',4,'','y',2432),
(2306,308,0,'{\"ru\":\"Обязательное\",\"en\":\"Required\"}','required','one',6,'','-','regular',23,'{\"ru\":\"\",\"en\":\"\"}',10,'n','y',2306),
(2307,308,0,'{\"ru\":\"Коннектор\",\"en\":\"Connector\"}','connector','one',5,'','CASCADE','regular',23,'{\"ru\":\"\",\"en\":\"\"}',3,'0','n',2307),
(2308,9,0,'{\"ru\":\"Группа\",\"en\":\"Group\"}','group','one',6,'','-','regular',23,'{\"ru\":\"\",\"en\":\"\"}',10,'normal','y',2206),
(2309,3,0,'{\"ru\":\"JS\",\"en\":\"JS\"}','extendsJs','none',NULL,'','-','regular',1,'{\"ru\":\"Родительский класс JS\",\"en\":\"Parent JS class\"}',1,'Indi.lib.controller.Controller','n',443),
(2310,3,0,'{\"ru\":\"Включить нумерацию записей\",\"en\":\"Enable records numbering\"}','rownumberer','one',6,'','-','regular',23,'{\"ru\":\"\",\"en\":\"\"}',10,'0','y',2425),
(2311,195,0,'{\"ru\":\"Разрешить сброс\",\"en\":\"Allow reset\"}','allowClear','none',NULL,'','-','regular',9,'{\"ru\":\"\",\"en\":\"\"}',12,'1','n',2420),
(2312,3,0,'{\"en\":\"Enable&nbsp;multi‑selection\",\"ru\":\"Выделение более одной записи\"}','multiSelect','one',6,'','-','regular',23,'{\"ru\":\"\",\"en\":\"\"}',10,'0','y',2323),
(2313,9,0,'{\"en\":\"Further \\/ JOINed field\",\"ru\":\"Поле по ключу\"}','further','one',5,'','CASCADE','regular',23,'{\"ru\":\"\",\"en\":\"\"}',3,'0','n',30),
(2314,195,0,'{\"ru\":\"Поле по ключу\",\"en\":\"Further field\"}','further','one',5,'','CASCADE','regular',23,'{\"ru\":\"\",\"en\":\"\"}',3,'0','n',1315),
(2315,9,0,'{\"ru\":\"Ширина\",\"en\":\"Width\"}','width','none',NULL,'','-','hidden',18,'{\"ru\":\"\",\"en\":\"\"}',3,'0','n',2422),
(2316,310,0,'{\"ru\":\"Статус\",\"en\":\"Toggle\"}','toggle','one',6,'','-','regular',23,'{\"ru\":\"\",\"en\":\"\"}',10,'y','y',2274),
(2317,195,0,'{\"ru\":\"Подсказка\",\"en\":\"Tooltip\"}','tooltip','none',NULL,'','-','regular',6,'{\"ru\":\"\",\"en\":\"\"}',4,'','y',2203),
(2318,11,0,'{\"ru\":\"Демо-режим\",\"en\":\"Demo mode\"}','demo','one',6,'','-','regular',23,'{\"ru\":\"\",\"en\":\"\"}',10,'n','y',2324),
(2319,10,0,'{\"ru\":\"Демо-режим\",\"en\":\"Demo mode\"}','demo','one',6,'','-','regular',23,'{\"ru\":\"\",\"en\":\"\"}',10,'n','y',2485),
(2320,2,0,'{\"ru\":\"Группировать файлы\",\"en\":\"Group files by\"}','filesGroupBy','one',5,'`entityId` = \"<?=$this->id?>\" AND `storeRelationAbility` = \"one\"','SET NULL','regular',23,'{\"ru\":\"\",\"en\":\"\"}',3,'0','n',2320),
(2321,309,0,'{\"ru\":\"Фракция\",\"en\":\"Fraction\"}','fraction','one',6,'','-','regular',23,'{\"ru\":\"\",\"en\":\"\"}',10,'custom','y',2256),
(2322,3,0,'{\"ru\":\"Плитка\",\"en\":\"Tile\"}','tileField','one',5,'`elementId` = \"14\"','SET NULL','regular',23,'{\"ru\":\"\",\"en\":\"\"}',3,'0','n',2428),
(2323,3,0,'{\"ru\":\"Превью\",\"en\":\"Preview\"}','tileThumb','one',20,'','SET NULL','regular',23,'{\"ru\":\"\",\"en\":\"\"}',3,'0','n',2429),
(2324,11,0,'{\"ru\":\"Правки UI\",\"en\":\"UI editing\"}','uiedit','one',6,'','-','regular',23,'{\"ru\":\"\",\"en\":\"\"}',10,'n','y',2655),
(2325,307,0,'{\"ru\":\"Состояние\",\"en\":\"Usage\"}','state','one',6,'','-','readonly',23,'{\"ru\":\"\",\"en\":\"\"}',10,'noth','y',2325),
(2326,307,0,'{\"ru\":\"Админка\",\"en\":\"Admin panel\"}','admin','none',NULL,'','-','regular',16,'{\"ru\":\"\",\"en\":\"\"}',NULL,'','n',2326),
(2327,307,0,'{\"ru\":\"Система\",\"en\":\"System\"}','adminSystem','none',NULL,'','-','regular',16,'{\"ru\":\"\",\"en\":\"\"}',NULL,'','n',2327),
(2328,307,0,'{\"ru\":\"Интерфейс\",\"en\":\"Interface\"}','adminSystemUi','one',6,'','-','regular',5,'{\"ru\":\"\",\"en\":\"\"}',10,'n','y',2328),
(2329,307,0,'{\"ru\":\"Константы\",\"en\":\"Constants\"}','adminSystemConst','one',6,'','-','regular',5,'{\"ru\":\"\",\"en\":\"\"}',10,'n','y',2329),
(2330,307,0,'{\"ru\":\"Проект\",\"en\":\"Project\"}','adminCustom','none',NULL,'','-','regular',16,'{\"ru\":\"\",\"en\":\"\"}',NULL,'','n',2330),
(2331,307,0,'{\"ru\":\"Интерфейс\",\"en\":\"Interface\"}','adminCustomUi','one',6,'','-','regular',5,'{\"ru\":\"\",\"en\":\"\"}',10,'n','y',2331),
(2332,307,0,'{\"ru\":\"Константы\",\"en\":\"Constants\"}','adminCustomConst','one',6,'','-','regular',5,'{\"ru\":\"\",\"en\":\"\"}',10,'n','y',2332),
(2333,307,0,'{\"ru\":\"Данные\",\"en\":\"Data\"}','adminCustomData','one',6,'','-','regular',5,'{\"ru\":\"\",\"en\":\"\"}',10,'n','y',2333),
(2334,307,0,'{\"ru\":\"Шаблоны\",\"en\":\"Templates\"}','adminCustomTmpl','one',6,'','-','regular',5,'{\"ru\":\"\",\"en\":\"\"}',10,'n','y',2334),
(2335,307,0,'{\"ru\":\"Порядок\",\"en\":\"Order\"}','move','none',NULL,'','-','regular',4,'{\"ru\":\"\",\"en\":\"\"}',3,'0','n',2335),
(2336,314,0,'{\"ru\":\"Задача\",\"en\":\"Task\"}','title','none',NULL,'','-','required',1,'{\"ru\":\"\",\"en\":\"\"}',1,'','n',2336),
(2337,314,0,'{\"ru\":\"Создана\",\"en\":\"Created at\"}','datetime','none',NULL,'','-','readonly',19,'{\"ru\":\"\",\"en\":\"\"}',9,'<?=date(\'Y-m-d H:i:s\')?>','n',2337),
(2338,314,0,'{\"ru\":\"Параметры\",\"en\":\"Parameters\"}','params','none',NULL,'','-','regular',6,'{\"ru\":\"\",\"en\":\"\"}',4,'','n',2338),
(2339,314,0,'{\"ru\":\"Процесс\",\"en\":\"Process\"}','proc','none',NULL,'','-','regular',16,'{\"ru\":\"\",\"en\":\"\"}',NULL,'','n',2340),
(2340,314,0,'{\"ru\":\"Начат\",\"en\":\"Started\"}','procSince','none',NULL,'','-','regular',19,'{\"ru\":\"\",\"en\":\"\"}',9,'0000-00-00 00:00:00','n',2341),
(2341,314,0,'{\"ru\":\"PID\",\"en\":\"PID\"}','procID','none',NULL,'','-','readonly',18,'{\"ru\":\"\",\"en\":\"\"}',3,'0','n',2342),
(2342,314,0,'{\"ru\":\"Этап\",\"en\":\"Stage\"}','stage','one',6,'','-','regular',23,'{\"ru\":\"\",\"en\":\"\"}',10,'count','y',2343),
(2343,314,0,'{\"ru\":\"Статус\",\"en\":\"Status\"}','state','one',6,'','-','regular',23,'{\"ru\":\"\",\"en\":\"\"}',10,'waiting','y',2344),
(2344,314,0,'{\"ru\":\"Сегменты\",\"en\":\"Chunks\"}','chunk','none',NULL,'','-','regular',18,'{\"ru\":\"\",\"en\":\"\"}',3,'0','n',2339),
(2345,314,0,'{\"ru\":\"Оценка\",\"en\":\"Estimation\"}','count','none',NULL,'','-','regular',16,'{\"ru\":\"\",\"en\":\"\"}',NULL,'','n',2346),
(2346,314,0,'{\"ru\":\"Статус\",\"en\":\"Status\"}','countState','one',6,'','-','readonly',23,'{\"ru\":\"\",\"en\":\"\"}',10,'waiting','y',2347),
(2347,314,0,'{\"ru\":\"Размер\",\"en\":\"Size\"}','countSize','none',NULL,'','-','readonly',18,'{\"ru\":\"\",\"en\":\"\"}',3,'0','n',2348),
(2348,314,0,'{\"ru\":\"Создание\",\"en\":\"Creating\"}','items','none',NULL,'','-','regular',16,'{\"ru\":\"\",\"en\":\"\"}',NULL,'','n',2349),
(2349,314,0,'{\"ru\":\"Статус\",\"en\":\"Status\"}','itemsState','one',6,'','-','readonly',23,'{\"ru\":\"\",\"en\":\"\"}',10,'waiting','y',2350),
(2350,314,0,'{\"ru\":\"Размер\",\"en\":\"Size\"}','itemsSize','none',NULL,'','-','readonly',18,'{\"ru\":\"\",\"en\":\"\"}',3,'0','n',2351),
(2351,314,0,'{\"ru\":\"Байт\",\"en\":\"Bytes\"}','itemsBytes','none',NULL,'','-','regular',18,'{\"ru\":\"\",\"en\":\"\"}',3,'0','n',2352),
(2352,314,0,'{\"ru\":\"Процессинг\",\"en\":\"Processing\"}','queue','none',NULL,'','-','regular',16,'{\"ru\":\"\",\"en\":\"\"}',NULL,'','n',2353),
(2353,314,0,'{\"ru\":\"Статус\",\"en\":\"Status\"}','queueState','one',6,'','-','readonly',23,'{\"ru\":\"\",\"en\":\"\"}',10,'waiting','y',2354),
(2354,314,0,'{\"ru\":\"Размер\",\"en\":\"Size\"}','queueSize','none',NULL,'','-','regular',18,'{\"ru\":\"\",\"en\":\"\"}',3,'0','n',2355),
(2355,314,0,'{\"ru\":\"Применение\",\"en\":\"Applying\"}','apply','none',NULL,'','-','regular',16,'{\"ru\":\"\",\"en\":\"\"}',NULL,'','n',2356),
(2356,314,0,'{\"ru\":\"Статус\",\"en\":\"Status\"}','applyState','one',6,'','-','readonly',23,'{\"ru\":\"\",\"en\":\"\"}',10,'waiting','y',2357),
(2357,314,0,'{\"ru\":\"Размер\",\"en\":\"Size\"}','applySize','none',NULL,'','-','readonly',18,'{\"ru\":\"\",\"en\":\"\"}',3,'0','n',2382),
(2358,315,0,'{\"ru\":\"Очередь задач\",\"en\":\"Queue task\"}','queueTaskId','one',314,'','CASCADE','regular',23,'{\"ru\":\"\",\"en\":\"\"}',3,'0','n',2358),
(2359,315,0,'{\"ru\":\"Расположение\",\"en\":\"Location\"}','location','none',NULL,'','-','regular',1,'{\"ru\":\"\",\"en\":\"\"}',1,'','n',2359),
(2360,315,0,'{\"ru\":\"Условие выборки\",\"en\":\"Fetch condition\"}','where','none',NULL,'','-','regular',6,'{\"ru\":\"\",\"en\":\"\"}',4,'','n',2362),
(2361,315,0,'{\"ru\":\"Оценка\",\"en\":\"Estimation\"}','count','none',NULL,'','-','regular',16,'{\"ru\":\"\",\"en\":\"\"}',NULL,'','n',2363),
(2362,315,0,'{\"ru\":\"Статус\",\"en\":\"Status\"}','countState','one',6,'','-','readonly',23,'{\"ru\":\"\",\"en\":\"\"}',10,'waiting','y',2364),
(2363,315,0,'{\"ru\":\"Размер\",\"en\":\"Size\"}','countSize','none',NULL,'','-','readonly',18,'{\"ru\":\"\",\"en\":\"\"}',3,'0','n',2365),
(2364,315,0,'{\"ru\":\"Создание\",\"en\":\"Creating\"}','items','none',NULL,'','-','regular',16,'{\"ru\":\"\",\"en\":\"\"}',NULL,'','n',2366),
(2365,315,0,'{\"ru\":\"Статус\",\"en\":\"Status\"}','itemsState','one',6,'','-','readonly',23,'{\"ru\":\"\",\"en\":\"\"}',10,'waiting','y',2367),
(2366,315,0,'{\"ru\":\"Размер\",\"en\":\"Size\"}','itemsSize','none',NULL,'','-','readonly',18,'{\"ru\":\"\",\"en\":\"\"}',3,'0','n',2368),
(2367,315,0,'{\"ru\":\"Процессинг\",\"en\":\"Processing\"}','queue','none',NULL,'','-','regular',16,'{\"ru\":\"\",\"en\":\"\"}',NULL,'','n',2369),
(2368,315,0,'{\"ru\":\"Статус\",\"en\":\"Status\"}','queueState','one',6,'','-','readonly',23,'{\"ru\":\"\",\"en\":\"\"}',10,'waiting','y',2370),
(2369,315,0,'{\"ru\":\"Размер\",\"en\":\"Size\"}','queueSize','none',NULL,'','-','regular',18,'{\"ru\":\"\",\"en\":\"\"}',3,'0','n',2371),
(2370,315,0,'{\"ru\":\"Применение\",\"en\":\"Applying\"}','apply','none',NULL,'','-','regular',16,'{\"ru\":\"\",\"en\":\"\"}',NULL,'','n',2379),
(2371,315,0,'{\"ru\":\"Статус\",\"en\":\"Status\"}','applyState','one',6,'','-','readonly',23,'{\"ru\":\"\",\"en\":\"\"}',10,'waiting','y',2380),
(2372,315,0,'{\"ru\":\"Размер\",\"en\":\"Size\"}','applySize','none',NULL,'','-','readonly',18,'{\"ru\":\"\",\"en\":\"\"}',3,'0','n',2381),
(2373,316,0,'{\"ru\":\"Очередь\",\"en\":\"Queue task\"}','queueTaskId','one',314,'','CASCADE','readonly',18,'{\"ru\":\"\",\"en\":\"\"}',3,'0','n',2373),
(2374,316,0,'{\"ru\":\"Сегмент\",\"en\":\"Queue chunk\"}','queueChunkId','one',315,'','CASCADE','regular',23,'{\"ru\":\"\",\"en\":\"\"}',3,'0','n',2374),
(2375,316,0,'{\"ru\":\"Таргет\",\"en\":\"Target\"}','target','none',NULL,'','-','readonly',1,'{\"ru\":\"\",\"en\":\"\"}',1,'','n',2375),
(2376,316,0,'{\"ru\":\"Значение\",\"en\":\"Value\"}','value','none',NULL,'','-','readonly',1,'{\"ru\":\"\",\"en\":\"\"}',4,'','n',2376),
(2377,316,0,'{\"ru\":\"Результат\",\"en\":\"Result\"}','result','none',NULL,'','-','regular',13,'{\"ru\":\"\",\"en\":\"\"}',4,'','n',2377),
(2378,316,0,'{\"ru\":\"Статус\",\"en\":\"Status\"}','stage','one',6,'','-','regular',5,'{\"ru\":\"\",\"en\":\"\"}',10,'items','y',2378),
(2379,315,0,'{\"ru\":\"Порядок\",\"en\":\"Order\"}','move','none',NULL,'','-','regular',4,'{\"ru\":\"\",\"en\":\"\"}',3,'0','n',2383),
(2380,315,0,'{\"ru\":\"Родительский сегмент\",\"en\":\"Parent segment\"}','queueChunkId','one',315,'','CASCADE','readonly',18,'{\"ru\":\"\",\"en\":\"\"}',3,'0','n',2360),
(2381,315,0,'{\"ru\":\"Фракция\",\"en\":\"Fraction\"}','fraction','one',6,'','-','regular',23,'{\"ru\":\"\",\"en\":\"\"}',10,'none','y',2361),
(2382,314,0,'{\"ru\":\"Этап - Статус\",\"en\":\"Stage - Status\"}','stageState','none',NULL,'','-','hidden',1,'{\"ru\":\"\",\"en\":\"\"}',4,'','y',2345),
(2383,315,0,'{\"ru\":\"Байт\",\"en\":\"Bytes\"}','itemsBytes','none',NULL,'','-','regular',18,'{\"ru\":\"\",\"en\":\"\"}',3,'0','n',2372),
(2384,10,0,'{\"ru\":\"Фракция\",\"en\":\"Fraction\"}','fraction','one',6,'','-','regular',5,'{\"ru\":\"\",\"en\":\"\"}',10,'custom','y',32),
(2385,171,0,'{\"ru\":\"Элемент\",\"en\":\"Element\"}','elementId','one',4,'','SET NULL','regular',23,'{\"ru\":\"\",\"en\":\"\"}',3,'0','n',2424),
(2386,8,0,'{\"ru\":\"Мультиязычность\",\"en\":\"Localization\"}','l10n','one',6,'','-','regular',23,'{\"ru\":\"\",\"en\":\"\"}',10,'n','y',2643),
(2396,318,0,'{\"ru\":\"Родительская запись\",\"en\":\"Parent entry\"}','realtimeId','one',318,'','CASCADE','regular',23,'{\"ru\":\"\",\"en\":\"\"}',3,'0','n',2396),
(2397,318,0,'{\"ru\":\"Тип\",\"en\":\"Type\"}','type','one',6,'','-','regular',23,'{\"ru\":\"\",\"en\":\"\"}',10,'session','y',2397),
(2398,318,0,'{\"ru\":\"Роль\",\"en\":\"Role\"}','roleId','one',10,'','CASCADE','regular',23,'{\"ru\":\"\",\"en\":\"\"}',3,'0','n',2398),
(2399,318,0,'{\"ru\":\"Пользователь\",\"en\":\"User\"}','adminId','one',NULL,'','-','regular',23,'{\"ru\":\"\",\"en\":\"\"}',3,'0','n',2399),
(2400,318,0,'{\"ru\":\"Токен\",\"en\":\"Token\"}','token','none',NULL,'','-','regular',1,'{\"ru\":\"\",\"en\":\"\"}',1,'','n',2400),
(2401,318,0,'{\"ru\":\"Начало\",\"en\":\"Since\"}','spaceSince','none',NULL,'','-','regular',19,'{\"ru\":\"\",\"en\":\"\"}',9,'<?=date(\'Y-m-d H:i:s\')?>','n',2401),
(2402,318,0,'{\"ru\":\"Конец\",\"en\":\"Until\"}','spaceUntil','none',NULL,'','-','regular',19,'{\"ru\":\"\",\"en\":\"\"}',9,'0000-00-00 00:00:00','n',2402),
(2403,318,0,'{\"ru\":\"Длительность\",\"en\":\"Duration\"}','spaceFrame','none',NULL,'','-','regular',18,'{\"ru\":\"\",\"en\":\"\"}',3,'0','n',2403),
(2404,318,0,'{\"ru\":\"Язык\",\"en\":\"Language\"}','langId','one',307,'','CASCADE','regular',23,'{\"ru\":\"\",\"en\":\"\"}',3,'0','n',2404),
(2405,318,0,'{\"ru\":\"Раздел\",\"en\":\"Section\"}','sectionId','one',3,'','CASCADE','regular',23,'{\"ru\":\"\",\"en\":\"\"}',3,'0','n',2405),
(2406,318,0,'{\"ru\":\"Сущность\",\"en\":\"Entity\"}','entityId','one',2,'','CASCADE','regular',23,'{\"ru\":\"\",\"en\":\"\"}',3,'0','n',2406),
(2407,318,0,'{\"ru\":\"Записи\",\"en\":\"Records\"}','entries','many',NULL,'','-','regular',23,'{\"ru\":\"\",\"en\":\"\"}',4,'','n',2407),
(2408,318,0,'{\"ru\":\"Поля\",\"en\":\"Fields\"}','fields','many',5,'','-','regular',23,'{\"ru\":\"\",\"en\":\"\"}',4,'','n',2408),
(2409,318,0,'{\"ru\":\"Запись\",\"en\":\"Entry\"}','title','none',NULL,'','-','hidden',1,'{\"ru\":\"\",\"en\":\"\"}',4,'','y',2409),
(2410,318,0,'{\"ru\":\"Режим\",\"en\":\"Mode\"}','mode','one',6,'','-','regular',23,'{\"ru\":\"\",\"en\":\"\"}',10,'none','y',2410),
(2411,318,0,'{\"ru\":\"Scope\",\"en\":\"Scope\"}','scope','none',NULL,'','-','regular',6,'{\"ru\":\"\",\"en\":\"\"}',4,'','n',2411),
(2412,5,0,'{\"ru\":\"MySQL\",\"en\":\"MySQL\"}','mysql','none',NULL,'','-','regular',16,'{\"ru\":\"\",\"en\":\"\"}',NULL,'','n',2412),
(2413,5,0,'{\"ru\":\"Внешние ключи\",\"en\":\"Foreign keys\"}','fk','none',NULL,'','-','regular',16,'{\"ru\":\"\",\"en\":\"\"}',NULL,'','n',10),
(2414,5,0,'{\"ru\":\"Элемент управления\",\"en\":\"Form element\"}','el','none',NULL,'','-','regular',16,'{\"ru\":\"\",\"en\":\"\"}',NULL,'','n',413),
(2419,195,0,'{\"ru\":\"Флаги\",\"en\":\"Flags\"}','flags','none',NULL,'','-','regular',16,'{\"ru\":\"\",\"en\":\"\"}',NULL,'','n',2317),
(2420,195,0,'{\"ru\":\"Доступ\",\"en\":\"Access\"}','access','none',NULL,'','-','regular',16,'{\"ru\":\"\",\"en\":\"\"}',NULL,'','n',2204),
(2421,195,0,'{\"ru\":\"Отображение\",\"en\":\"Display\"}','display','none',NULL,'','-','regular',16,'{\"ru\":\"\",\"en\":\"\"}',NULL,'','n',2183),
(2422,9,0,'{\"ru\":\"Доступ\",\"en\":\"Access\"}','access','none',NULL,'','-','regular',16,'{\"ru\":\"\",\"en\":\"\"}',NULL,'','n',2611),
(2423,9,0,'{\"en\":\"Header\",\"ru\":\"Заголовок\"}','display','none',NULL,'','-','regular',16,'{\"ru\":\"\",\"en\":\"\"}',NULL,'','n',2205),
(2424,171,0,'{\"en\":\"Access\",\"ru\":\"Доступ\"}','access','none',NULL,'','-','regular',16,'{\"ru\":\"\",\"en\":\"\"}',NULL,'','n',2169),
(2425,3,0,'{\"ru\":\"Родительские классы\",\"en\":\"Parent classes\"}','extends','none',NULL,'','-','regular',16,'{\"ru\":\"\",\"en\":\"\"}',NULL,'','n',310),
(2426,3,0,'{\"en\":\"Data source\",\"ru\":\"Источник данных\"}','data','none',NULL,'','-','regular',16,'{\"ru\":\"\",\"en\":\"\"}',NULL,'','n',462),
(2427,3,0,'{\"en\":\"Display\",\"ru\":\"Отображение записей\"}','display','none',NULL,'','-','regular',16,'{\"ru\":\"\",\"en\":\"\"}',NULL,'','n',2322),
(2428,3,0,'{\"ru\":\"Записи\",\"en\":\"Recordings\"}','store','none',NULL,'','-','hidden',16,'{\"ru\":\"\",\"en\":\"\"}',NULL,'','n',2490),
(2429,3,0,'{\"ru\":\"Подгрузка записей\",\"en\":\"Loading records\"}','load','none',NULL,'','-','regular',16,'{\"ru\":\"\",\"en\":\"\"}',NULL,'','n',2302),
(2430,3,0,'{\"ru\":\"Параметры\",\"en\":\"Parameters\"}','params','none',NULL,'','-','hidden',16,'{\"ru\":\"\",\"en\":\"\"}',NULL,'','n',2633),
(2432,9,0,'{\"ru\":\"При изменении ячейки обновлять всю строку\",\"en\":\"If cell changed, update the entire row\"}','rowReqIfAffected','one',6,'','-','regular',23,'{\"ru\":\"\",\"en\":\"\"}',10,'n','y',2315),
(2433,91,0,'{\"ru\":\"Параметр\",\"en\":\"Param\"}','cfgField','one',5,'`entry` != \"0\"','CASCADE','regular',23,'{\"ru\":\"\",\"en\":\"\"}',3,'0','n',2433),
(2434,91,0,'{\"ru\":\"Значение\",\"en\":\"Value\"}','cfgValue','none',NULL,'','-','regular',6,'{\"ru\":\"\",\"en\":\"\"}',4,'','n',2434),
(2435,5,0,'{\"ru\":\"Экземпляр\",\"en\":\"Instance\"}','entry','one',NULL,'','-','regular',23,'{\"ru\":\"\",\"en\":\"\"}',3,'0','n',7),
(2436,4,23,'{\"ru\":\"Шаблон содержимого опции\",\"en\":\"Option content template\"}','optionTemplate','none',NULL,'','-','regular',6,'{\"ru\":\"\",\"en\":\"\"}',4,'','n',2461),
(2437,4,23,'{\"ru\":\"Высота опции\",\"en\":\"Option height\"}','optionHeight','none',NULL,'','-','regular',18,'{\"ru\":\"\",\"en\":\"\"}',3,'14','n',2464),
(2438,4,23,'{\"ru\":\"Плейсхолдер\",\"en\":\"Placeholder\"}','placeholder','none',NULL,'','-','regular',1,'{\"ru\":\"\",\"en\":\"\"}',4,'','y',2465),
(2439,4,23,'{\"ru\":\"Группировка опций по столбцу\",\"en\":\"Group options by column\"}','groupBy','one',5,'','-','regular',23,'{\"ru\":\"\",\"en\":\"\"}',3,'0','n',2466),
(2440,4,23,'{\"ru\":\"Дополнительно передавать параметры (в виде атрибутов)\",\"en\":\"Additionally pass fields (as html attributes)\"}','optionAttrs','many',5,'','-','regular',23,'{\"ru\":\"\",\"en\":\"\"}',1,'','n',2472),
(2441,4,23,'{\"ru\":\"Отключить лукап\",\"en\":\"Disable lookup\"}','noLookup','none',NULL,'','-','regular',9,'{\"ru\":\"\",\"en\":\"\"}',12,'0','n',2474),
(2442,4,7,'{\"ru\":\"Заголовочное поле\",\"en\":\"Title-field\"}','titleColumn','one',5,'','-','regular',23,'{\"ru\":\"\",\"en\":\"\"}',3,'0','n',2453),
(2443,4,13,'{\"ru\":\"Во всю ширину\",\"en\":\"Full width\"}','wide','none',NULL,'','-','regular',9,'{\"ru\":\"\",\"en\":\"\"}',12,'0','n',2454),
(2444,4,18,'{\"ru\":\"Максимальная длина в символах\",\"en\":\"Maximum length in characters\"}','maxlength','none',NULL,'','-','regular',18,'{\"ru\":\"\",\"en\":\"\"}',3,'5','n',2444),
(2445,4,1,'{\"ru\":\"Маска\",\"en\":\"Input mask\"}','inputMask','none',NULL,'','-','regular',1,'{\"ru\":\"\",\"en\":\"\"}',4,'','y',2459),
(2446,4,1,'{\"ru\":\"Шейдинг\",\"en\":\"Shading\"}','shade','none',NULL,'','-','regular',9,'{\"ru\":\"\",\"en\":\"\"}',12,'0','n',2458),
(2447,4,6,'{\"ru\":\"Обновлять локализации для других языков\",\"en\":\"Update translations for other languages\"}','refreshL10nsOnUpdate','none',NULL,'','-','regular',9,'{\"ru\":\"\",\"en\":\"\"}',12,'0','n',2475),
(2448,4,6,'{\"ru\":\"Разрешенные теги\",\"en\":\"Allowed tags\"}','allowedTags','none',NULL,'','-','regular',1,'{\"ru\":\"\",\"en\":\"\"}',1,'','n',2450),
(2449,4,7,'{\"ru\":\"Количество столбцов\",\"en\":\"Number of columns\"}','cols','none',NULL,'','-','regular',18,'{\"ru\":\"\",\"en\":\"\"}',3,'1','n',2452),
(2450,4,12,'{\"ru\":\"Отображаемый формат\",\"en\":\"Display format\"}','displayFormat','none',NULL,'','-','regular',1,'{\"ru\":\"\",\"en\":\"\"}',4,'Y-m-d','y',2455),
(2451,4,19,'{\"ru\":\"Когда\",\"en\":\"When\"}','when','many',6,'','-','regular',23,'{\"ru\":\"\",\"en\":\"\"}',11,'','y',2447),
(2452,4,13,'{\"ru\":\"Высота в пикселях\",\"en\":\"Height in pixels\"}','height','none',NULL,'','-','regular',18,'{\"ru\":\"\",\"en\":\"\"}',3,'200','n',2442),
(2453,4,13,'{\"ru\":\"Ширина в пикселях\",\"en\":\"Width in pixels\"}','width','none',NULL,'','-','regular',18,'{\"ru\":\"\",\"en\":\"\"}',3,'0','n',2441),
(2454,4,13,'{\"ru\":\"Css класс для body\",\"en\":\"Css class for body\"}','bodyClass','none',NULL,'','-','regular',1,'{\"ru\":\"\",\"en\":\"\"}',1,'','n',2440),
(2455,4,13,'{\"ru\":\"Путь к css-нику для подцепки редактором\",\"en\":\"Path to css-file for pickup by editor\"}','contentsCss','none',NULL,'','-','regular',6,'{\"ru\":\"\",\"en\":\"\"}',4,'','n',2439),
(2456,4,13,'{\"ru\":\"Стили\",\"en\":\"Styles\"}','style','none',NULL,'','-','regular',6,'{\"ru\":\"\",\"en\":\"\"}',4,'','n',2438),
(2457,4,13,'{\"ru\":\"Путь к js-нику для подцепки редактором\",\"en\":\"Path to js-file for pickup by editor\"}','contentsJs','none',NULL,'','-','regular',6,'{\"ru\":\"\",\"en\":\"\"}',4,'','n',2437),
(2458,4,13,'{\"ru\":\"Скрипт\",\"en\":\"Script\"}','script','none',NULL,'','-','regular',6,'{\"ru\":\"\",\"en\":\"\"}',4,'','n',2436),
(2459,4,13,'{\"ru\":\"Скрипт обработки исходного кода\",\"en\":\"Source code processing script\"}','sourceStripper','none',NULL,'','-','regular',6,'{\"ru\":\"\",\"en\":\"\"}',4,'','n',72),
(2460,4,14,'{\"ru\":\"Включать наименование поля в имя файла при загрузке\",\"en\":\"Include field name in file name when loading\"}','appendFieldTitle','none',NULL,'','-','regular',9,'{\"ru\":\"\",\"en\":\"\"}',12,'1','n',54),
(2461,4,14,'{\"ru\":\"Включать наименование сущности в имя файла при download-е\",\"en\":\"Include the entity name in the file name when downloading\"}','prependEntityTitle','none',NULL,'','-','regular',9,'{\"ru\":\"\",\"en\":\"\"}',12,'1','n',55),
(2462,4,18,'{\"ru\":\"Единица измерения\",\"en\":\"Unit of measurement\"}','measure','none',NULL,'','-','regular',1,'{\"ru\":\"\",\"en\":\"\"}',4,'','y',2625),
(2463,4,19,'{\"ru\":\"Отображаемый формат времени\",\"en\":\"Time display format\"}','displayTimeFormat','none',NULL,'','-','regular',1,'{\"ru\":\"\",\"en\":\"\"}',4,'H:i','y',2445),
(2464,4,19,'{\"ru\":\"Отображаемый формат даты\",\"en\":\"Date display format\"}','displayDateFormat','none',NULL,'','-','regular',1,'{\"ru\":\"\",\"en\":\"\"}',4,'Y-m-d','y',2448),
(2465,4,1,'{\"ru\":\"Валидация\",\"en\":\"Validation type\"}','vtype','one',6,'','-','regular',23,'{\"ru\":\"\",\"en\":\"\"}',10,'none','y',2449),
(2466,4,14,'{\"ru\":\"Допустимые типы\",\"en\":\"Allowed types\"}','allowTypes','none',NULL,'','-','regular',1,'{\"ru\":\"Укажите список расширений и\\/или группы расширений, через запятую: \\n- image: gif,png,jpeg,jpg\\n- office: doc,pdf,docx,xls,xlsx,txt,odt,ppt,pptx\\n- draw: psd,ai,cdr\\n- archive: zip,rar,7z,gz,tar\",\"en\":\"Specify a list of extensions and \\/ or groups of extensions, separated by commas: \\n- image: gif, png, jpeg, jpg \\n- office: doc, pdf, docx, xls, xlsx, txt, odt, ppt, pptx \\n- draw: psd, ai, cdr \\n- archive: zip, rar, 7z, gz, tar\"}',1,'','n',2480),
(2470,4,6,'{\"ru\":\"Во всю ширину\",\"en\":\"Full width\"}','wide','none',NULL,'','-','regular',9,'{\"ru\":\"\",\"en\":\"\"}',12,'0','n',2654),
(2472,4,17,'{\"ru\":\"Формат отображения\",\"en\":\"Display format\"}','displayFormat','none',NULL,'','-','regular',1,'{\"ru\":\"\",\"en\":\"\"}',1,'H:i','n',2476),
(2473,4,23,'{\"ru\":\"Заголовочное поле\",\"en\":\"Title-field\"}','titleColumn','one',5,'','-','regular',23,'{\"ru\":\"\",\"en\":\"\"}',3,'0','n',2463),
(2474,4,23,'{\"ru\":\"Во всю ширину\",\"en\":\"Full width\"}','wide','none',NULL,'','-','regular',9,'{\"ru\":\"\",\"en\":\"\"}',12,'0','n',2462),
(2475,4,1,'{\"ru\":\"Максимальная длина в символах\",\"en\":\"Maximum length in characters\"}','maxlength','none',NULL,'','-','regular',18,'{\"ru\":\"\",\"en\":\"\"}',3,'0','n',2473),
(2476,4,1,'{\"ru\":\"Обновлять локализации для других языков\",\"en\":\"Update translations for other languages\"}','refreshL10nsOnUpdate','none',NULL,'','-','regular',9,'{\"ru\":\"\",\"en\":\"\"}',12,'0','n',2470),
(2477,4,5,'{\"ru\":\"Заголовочное поле\",\"en\":\"Title-field\"}','titleColumn','one',5,'','-','regular',23,'{\"ru\":\"\",\"en\":\"\"}',3,'0','n',2477),
(2478,4,12,'{\"ru\":\"Когда\",\"en\":\"When\"}','when','one',6,'','-','regular',23,'{\"ru\":\"\",\"en\":\"\"}',11,'','y',2478),
(2479,4,14,'{\"ru\":\"Максимальный размер\",\"en\":\"Maximum size\"}','maxSize','none',NULL,'','-','regular',1,'',1,'5M','n',2446),
(2480,4,14,'{\"ru\":\"Минимальный размер\",\"en\":\"Minimum size\"}','minSize','none',NULL,'','-','regular',1,'',1,'','n',2479),
(2481,4,24,'{\"ru\":\"Единица измерения\",\"en\":\"Unit of measurement\"}','measure','none',NULL,'','-','regular',1,'',1,'','n',2626),
(2482,4,1,'{\"ru\":\"Разрешенные теги\",\"en\":\"Allowed tags\"}','allowedTags','none',NULL,'','-','regular',1,'',1,'','n',2482),
(2483,4,14,'{\"ru\":\"Постфикс к имени файла при загрузке\",\"en\":\"Postfix to file name on download\"}','postfix','none',NULL,'','-','regular',1,'',1,'','n',2483),
(2484,4,14,'{\"ru\":\"Включать заголовок записи в наименование файла при загрузке\",\"en\":\"Include entry title in file name on download\"}','rowTitle','none',NULL,'','-','regular',9,'',12,'0','n',2484),
(2485,10,0,'{\"ru\":\"Псевдоним\",\"en\":\"Alias\"}','alias','none',NULL,'','-','required',1,'',1,'','n',1271),
(2490,3,0,'{\"ru\":\"Справка\",\"en\":\"Reference\"}','help','none',NULL,'','-','regular',6,'',4,'','y',2634),
(2595,309,0,'{\"ru\":\"Псевдоним\",\"en\":\"Alias\"}','alias','none',NULL,'','-','required',1,'',1,'','n',2255),
(2596,309,0,'{\"en\":\"Properties\",\"ru\":\"Свойства\"}','props','none',NULL,'','-','hidden',16,'',NULL,'','n',2596),
(2597,309,0,'{\"ru\":\"Цвет\",\"en\":\"Color\"}','color','none',NULL,'','-','hidden',16,'',NULL,'','n',2597),
(2598,309,0,'{\"en\":\"Trigger\",\"ru\":\"Триггер\"}','trigger','none',NULL,'','-','hidden',16,'',NULL,'','n',2598),
(2599,314,0,'{\"ru\":\"Ошибка\",\"en\":\"Error\"}','error','none',NULL,'','-','regular',6,'',4,'','n',2599),
(2600,20,0,'{\"en\":\"Set exactly\",\"ru\":\"Установить точный размер\"}','mode','one',6,'','-','regular',5,'',10,'both','y',93),
(2609,171,0,'{\"en\":\"Toggle\",\"ru\":\"Переключать\"}','toggle','one',6,'','-','regular',23,'',10,'y','n',2134),
(2610,4,27,'{\"en\":\"Directory\",\"ru\":\"Директория\"}','dir','none',NULL,'','-','regular',1,'',1,'resources/images/icons,/i/admin/icons','n',2610),
(2611,9,0,'{\"en\":\"Icon\",\"ru\":\"Иконка\"}','icon','none',NULL,'','-','regular',27,'',1,'','n',2210),
(2612,7,0,'{\"en\":\"Icon\",\"ru\":\"Иконка\"}','icon','none',NULL,'','-','regular',27,'',1,'','n',2612),
(2613,9,0,'{\"en\":\"Data source\",\"ru\":\"Источник данных\"}','source','none',NULL,'','-','hidden',16,'',NULL,'','n',2253),
(2614,9,0,'{\"en\":\"Navigation\",\"ru\":\"Навигация\"}','jump','none',NULL,'','-','regular',16,'',NULL,'','n',2615),
(2615,9,0,'{\"en\":\"Section\",\"ru\":\"Раздел\"}','jumpSectionId','one',3,'','SET NULL','regular',23,'',3,'0','n',2616),
(2616,9,0,'{\"en\":\"Action\",\"ru\":\"Действие\"}','jumpSectionActionId','one',8,'','SET NULL','regular',23,'',3,'0','n',2617),
(2617,9,0,'{\"en\":\"Arguments\",\"ru\":\"Аргументы\"}','jumpArgs','none',NULL,'','-','regular',1,'',1,'','n',2618),
(2618,9,0,'{\"en\":\"Features\",\"ru\":\"Функции\"}','features','none',NULL,'','-','regular',16,'',NULL,'','n',2308),
(2619,9,0,'{\"en\":\"Properties\",\"ru\":\"Свойства\"}','properties','none',NULL,'','-','hidden',16,'',NULL,'','n',2619),
(2620,171,0,'{\"en\":\"Navigation\",\"ru\":\"Навигация\"}','jump','none',NULL,'','-','regular',16,'',NULL,'','n',2620),
(2621,171,0,'{\"en\":\"Section\",\"ru\":\"Раздел\"}','jumpSectionId','one',3,'','SET NULL','regular',23,'',3,'0','n',2621),
(2622,171,0,'{\"en\":\"Action\",\"ru\":\"Действие\"}','jumpSectionActionId','one',8,'','SET NULL','regular',23,'',3,'0','n',2622),
(2623,171,0,'{\"en\":\"Arguments\",\"ru\":\"Аргументы\"}','jumpArgs','none',NULL,'','-','regular',1,'',1,'','n',2623),
(2624,4,26,'{\"en\":\"Color split level\",\"ru\":\"Уровень разбивки по цвету\"}','colorBreakLevel','none',NULL,'','-','regular',18,'',3,'0','n',2624),
(2625,4,18,'{\"en\":\"Color split level\",\"ru\":\"Уровень разбивки по цвету\"}','colorBreakLevel','none',NULL,'','-','regular',18,'',3,'0','n',2443),
(2626,4,24,'{\"en\":\"Color split level\",\"ru\":\"Уровень разбивки по цвету\"}','colorBreakLevel','none',NULL,'','-','regular',18,'',3,'0','n',2481),
(2627,4,23,'{\"en\":\"Color field\",\"ru\":\"Цветовое поле\"}','colorField','one',5,'','-','regular',23,'',3,'0','n',2627),
(2628,9,0,'{\"en\":\"Color\",\"ru\":\"Цвет\"}','color','none',NULL,'','-','regular',16,'',NULL,'','n',2628),
(2629,9,0,'{\"en\":\"Breakdown by level\",\"ru\":\"Разбивка по уровню\"}','colorBreak','one',6,'','-','regular',23,'',10,'n','y',2629),
(2630,9,0,'{\"en\":\"Manually defined\",\"ru\":\"Указан вручную\"}','colorDirect','none',NULL,'','-','regular',11,'',13,'','n',2630),
(2631,9,0,'{\"en\":\"External source\",\"ru\":\"Внешний источник\"}','colorField','one',5,'`elementId` = \"11\"','SET NULL','regular',23,'',3,'0','n',2631),
(2632,9,0,'{\"en\":\"External record\",\"ru\":\"Внешняя запись\"}','colorEntry','one',NULL,'','-','regular',23,'',3,'0','n',2632),
(2633,3,0,'{\"en\":\"Row color\",\"ru\":\"Цвет\"}','color','none',NULL,'','-','regular',16,'',NULL,'','n',2635),
(2634,3,0,'{\"en\":\"Field\",\"ru\":\"Поле\"}','colorField','one',5,'','SET NULL','regular',23,'',3,'0','n',2636),
(2635,3,0,'{\"en\":\"Further field\",\"ru\":\"Поле по ключу\"}','colorFurther','one',5,'','SET NULL','regular',23,'',3,'0','n',2638),
(2636,3,0,'{\"en\":\"Features\",\"ru\":\"Функции\"}','features','none',NULL,'','-','hidden',16,'',NULL,'','n',2640),
(2638,3,0,'{\"en\":\"Show ID column\",\"ru\":\"Показывать ID\"}','showID','one',6,'','-','regular',23,'',10,'n','y',2427),
(2639,8,0,'{\"en\":\"Properties\",\"ru\":\"Функции\"}','features','none',NULL,'','-','regular',16,'',NULL,'','n',2386),
(2640,3,0,'{\"en\":\"For owners - only their records\",\"ru\":\"Владельцам - только свои записи\"}','filterOwner','one',6,'','-','regular',23,'',10,'no','y',2301),
(2641,8,0,'{\"en\":\"Access\",\"ru\":\"Доступ\"}','access','none',NULL,'','-','regular',16,'',NULL,'','n',29),
(2642,8,0,'{\"en\":\"For owners - only their records\",\"ru\":\"Только для владельцев\"}','filterOwner','one',6,'','-','regular',23,'',10,'no','y',2164),
(2643,8,0,'{\"en\":\"For which certain owner roles\",\"ru\":\"Для каких ролей владельцев\"}','filterOwnerRoleIds','many',10,'','-','regular',23,'',1,'','n',2209),
(2644,8,0,'{\"en\":\"View\",\"ru\":\"Вид\"}','view','none',NULL,'','-','hidden',16,'',NULL,'','n',2644),
(2645,8,0,'{\"en\":\"Window\",\"ru\":\"Окно\"}','win','none',NULL,'','-','hidden',16,'',NULL,'','n',2645),
(2646,8,0,'{\"en\":\"Properties\",\"ru\":\"Свойства\"}','props','none',NULL,'','-','hidden',16,'',NULL,'','n',2646),
(2647,6,0,'{\"en\":\"Features\",\"ru\":\"Функции\"}','features','none',NULL,'','-','regular',16,'',NULL,'','n',2647),
(2648,6,0,'{\"en\":\"Box icon\",\"ru\":\"Иконка\"}','boxIcon','none',NULL,'','-','regular',27,'',1,'','n',2648),
(2649,6,0,'{\"en\":\"Box color\",\"ru\":\"Цвет бокса\"}','boxColor','none',NULL,'','-','regular',11,'',13,'','n',2649),
(2650,6,0,'{\"en\":\"Text color\",\"ru\":\"Цвет текста\"}','textColor','none',NULL,'','-','regular',11,'',13,'','n',2650),
(2651,6,0,'{\"en\":\"CSS styles\",\"ru\":\"CSS стили\"}','cssStyle','none',NULL,'','-','regular',1,'',1,'','n',2651),
(2652,4,23,'{\"en\":\"Option max length\",\"ru\":\"Длина опции не более\"}','substr','none',NULL,'','-','regular',18,'',3,'50','n',2652),
(2653,4,23,'{\"en\":\"For owners - only their options\",\"ru\":\"Владельцам - только свои опции\"}','filterOwner','none',NULL,'','-','regular',9,'',12,'0','n',2653),
(2654,4,6,'{\"en\":\"Shading\",\"ru\":\"Шейдинг\"}','shade','none',NULL,'','-','regular',9,'',12,'0','n',2451),
(2655,11,0,'{\"en\":\"Phone\",\"ru\":\"Телефон\"}','phone','none',NULL,'','-','regular',1,'',1,'','n',36),
(2656,195,0,'{\"en\":\"Multi select\",\"ru\":\"Выбор более одного значения\"}','multiSelect','none',NULL,'','-','regular',9,'',12,'0','n',2656),
(2657,2,0,'{\"en\":\"Changelog\",\"ru\":\"Журнал изменений\"}','changeLogToggle','one',6,'','-','regular',23,'',10,'none','y',2657),
(2658,2,0,'{\"en\":\"Except fields\",\"ru\":\"Кроме полей\"}','changeLogExcept','many',5,'`entityId` = \"<?=$this->id?>\"','-','regular',23,'',1,'','n',2658),
(2659,310,0,'{\"en\":\"HTTP hook\",\"ru\":\"HTTP-запрос\"}','http','none',NULL,'','-','regular',1,'',1,'','n',2282),
(2660,5,0,'{\"en\":\"ON DELETE\",\"ru\":\"ON DELETE\"}','onDelete','one',6,'','-','regular',23,'',10,'-','n',95);

/*Table structure for table `filter` */

DROP TABLE IF EXISTS `filter`;

CREATE TABLE `filter` (
  `id` int NOT NULL AUTO_INCREMENT,
  `sectionId` int DEFAULT NULL,
  `fieldId` int DEFAULT NULL,
  `further` int DEFAULT NULL,
  `move` int NOT NULL DEFAULT '0',
  `filter` varchar(255) CHARACTER SET utf8mb4 COLLATE utf8mb4_unicode_ci NOT NULL DEFAULT '',
  `defaultValue` varchar(255) CHARACTER SET utf8mb4 COLLATE utf8mb4_unicode_ci NOT NULL DEFAULT '',
  `title` text CHARACTER SET utf8mb4 COLLATE utf8mb4_unicode_ci NOT NULL,
  `toggle` enum('y','n') CHARACTER SET utf8mb4 COLLATE utf8mb4_unicode_ci NOT NULL DEFAULT 'y',
  `rename` text CHARACTER SET utf8mb4 COLLATE utf8mb4_unicode_ci NOT NULL,
  `tooltip` text CHARACTER SET utf8mb4 COLLATE utf8mb4_unicode_ci NOT NULL,
  `accessRoles` enum('all','none') CHARACTER SET utf8mb4 COLLATE utf8mb4_unicode_ci NOT NULL DEFAULT 'all',
  `accessExcept` varchar(255) CHARACTER SET utf8mb4 COLLATE utf8mb4_unicode_ci NOT NULL DEFAULT '',
  `consistence` tinyint(1) NOT NULL DEFAULT '1',
  `allowClear` tinyint(1) NOT NULL DEFAULT '1',
  `ignoreTemplate` tinyint(1) NOT NULL DEFAULT '1',
  `multiSelect` tinyint(1) NOT NULL DEFAULT '0',
  PRIMARY KEY (`id`),
  KEY `sectionId` (`sectionId`),
  KEY `fieldId` (`fieldId`),
  KEY `toggle` (`toggle`),
  KEY `access` (`accessRoles`),
  KEY `profileIds` (`accessExcept`(250)),
  KEY `further` (`further`),
  FULLTEXT KEY `tooltip` (`tooltip`),
  FULLTEXT KEY `title` (`title`),
  FULLTEXT KEY `alt` (`rename`),
  CONSTRAINT `filter_ibfk_fieldId` FOREIGN KEY (`fieldId`) REFERENCES `field` (`id`) ON DELETE CASCADE ON UPDATE CASCADE,
  CONSTRAINT `filter_ibfk_further` FOREIGN KEY (`further`) REFERENCES `field` (`id`) ON DELETE CASCADE ON UPDATE CASCADE,
  CONSTRAINT `filter_ibfk_sectionId` FOREIGN KEY (`sectionId`) REFERENCES `section` (`id`) ON DELETE CASCADE ON UPDATE CASCADE
) ENGINE=InnoDB AUTO_INCREMENT=147 DEFAULT CHARSET=utf8mb4 COLLATE=utf8mb4_unicode_ci;

/*Data for the table `filter` */

insert  into `filter`(`id`,`sectionId`,`fieldId`,`further`,`move`,`filter`,`defaultValue`,`title`,`toggle`,`rename`,`tooltip`,`accessRoles`,`accessExcept`,`consistence`,`allowClear`,`ignoreTemplate`,`multiSelect`) values 
(13,5,612,NULL,13,'','','{\"ru\":\"Тип\",\"en\":\"Fraction\"}','y','{\"ru\":\"\",\"en\":\"\"}','{\"ru\":\"\",\"en\":\"\"}','all','',1,1,1,0),
(116,7,1366,NULL,116,'','','{\"ru\":\"Тип\",\"en\":\"Fraction\"}','y','{\"ru\":\"\",\"en\":\"\"}','{\"ru\":\"\",\"en\":\"\"}','all','',1,1,1,0),
(117,7,19,NULL,117,'','','{\"ru\":\"Сущность\",\"en\":\"Entity\"}','y','{\"ru\":\"\",\"en\":\"\"}','{\"ru\":\"\",\"en\":\"\"}','all','',1,1,1,0),
(118,7,22,NULL,118,'','','{\"ru\":\"Статус\",\"en\":\"Toggle\"}','y','{\"ru\":\"\",\"en\":\"\"}','{\"ru\":\"\",\"en\":\"\"}','all','',1,1,1,0),
(119,7,2303,NULL,119,'','','{\"ru\":\"Доступ\",\"en\":\"Access\"}','y','{\"ru\":\"\",\"en\":\"\"}','{\"ru\":\"\",\"en\":\"\"}','all','',1,1,1,0),
(120,391,6,NULL,121,'','','{\"ru\":\"Сущность\",\"en\":\"Entity\"}','y','{\"ru\":\"Сущность\",\"en\":\"Entity\"}','{\"ru\":\"\",\"en\":\"\"}','all','',1,1,1,0),
(121,391,2197,NULL,134,'','','{\"ru\":\"Режим\",\"en\":\"Mode\"}','y','{\"ru\":\"\",\"en\":\"\"}','{\"ru\":\"\",\"en\":\"\"}','all','',1,1,1,0),
(122,391,12,NULL,133,'','','{\"ru\":\"Ключи какой сущности\",\"en\":\"Which entity keys\"}','y','{\"ru\":\"\",\"en\":\"\"}','{\"ru\":\"\",\"en\":\"\"}','all','',1,1,1,0),
(123,391,10,NULL,135,'','','{\"ru\":\"Элемент управления\",\"en\":\"Element\"}','y','{\"ru\":\"Элемент\",\"en\":\"Element\"}','{\"ru\":\"\",\"en\":\"\"}','all','',1,1,1,0),
(125,387,2325,NULL,125,'','smth','{\"ru\":\"Состояние\",\"en\":\"Usage\"}','y','{\"ru\":\"\",\"en\":\"\"}','{\"ru\":\"\",\"en\":\"\"}','all','',1,1,1,0),
(126,387,2238,NULL,126,'','','{\"ru\":\"Статус\",\"en\":\"Toggle\"}','y','{\"ru\":\"\",\"en\":\"\"}','{\"ru\":\"\",\"en\":\"\"}','all','',1,1,1,0),
(127,394,2378,NULL,127,'','','{\"ru\":\"Статус\",\"en\":\"Status\"}','y','{\"ru\":\"\",\"en\":\"\"}','{\"ru\":\"\",\"en\":\"\"}','all','',1,1,1,0),
(128,396,2397,NULL,128,'','','{\"ru\":\"Тип\",\"en\":\"Type\"}','y','{\"ru\":\"\",\"en\":\"\"}','{\"ru\":\"\",\"en\":\"\"}','all','',1,1,1,0),
(129,396,2398,NULL,129,'','','{\"ru\":\"Роль\",\"en\":\"Role\"}','y','{\"ru\":\"\",\"en\":\"\"}','{\"ru\":\"\",\"en\":\"\"}','all','',1,1,1,0),
(130,396,2404,NULL,130,'','','{\"ru\":\"Язык\",\"en\":\"Language\"}','y','{\"ru\":\"\",\"en\":\"\"}','{\"ru\":\"\",\"en\":\"\"}','all','',1,1,1,0),
(131,396,2399,NULL,131,'','','{\"ru\":\"Пользователь\",\"en\":\"User\"}','y','{\"ru\":\"\",\"en\":\"\"}','{\"ru\":\"\",\"en\":\"\"}','all','',1,1,1,0),
(132,391,6,612,120,'','','{\"ru\":\"Сущность\",\"en\":\"Entity\"}','y','{\"ru\":\"\",\"en\":\"\"}','{\"ru\":\"\",\"en\":\"\"}','all','',1,1,1,0),
(133,391,470,NULL,132,'','','{\"ru\":\"Хранит ключи\",\"en\":\"Store keys\"}','y','{\"ru\":\"\",\"en\":\"\"}','{\"ru\":\"\",\"en\":\"\"}','all','',1,1,1,0),
(134,391,9,NULL,122,'','','{\"ru\":\"Тип столбца MySQL\",\"en\":\"MySQL column type\"}','y','{\"ru\":\"\",\"en\":\"\"}','{\"ru\":\"\",\"en\":\"\"}','all','',1,1,1,0),
(135,391,2239,NULL,123,'','','{\"ru\":\"Мультиязычность\",\"en\":\"Localization\"}','y','{\"ru\":\"\",\"en\":\"\"}','{\"ru\":\"\",\"en\":\"\"}','all','',1,1,1,0),
(136,7,2213,NULL,136,'','','{\"ru\":\"Режим подгрузки\",\"en\":\"Loading mode\"}','y','{\"ru\":\"\",\"en\":\"\"}','{\"ru\":\"\",\"en\":\"\"}','all','',1,1,1,0),
(137,5,2243,NULL,137,'','','{\"ru\":\"Паттерн комплекта календарных полей\",\"en\":\"Calendar fields pattern\"}','y','{\"ru\":\"\",\"en\":\"\"}','{\"ru\":\"\",\"en\":\"\"}','all','',1,1,1,0),
(139,10,1364,NULL,139,'','','{\"en\":\"Fraction\",\"ru\":\"Фракция\"}','y','{\"ru\":\"\",\"en\":\"\"}','{\"ru\":\"\",\"en\":\"\"}','all','',1,1,1,0),
(140,10,2202,NULL,140,'','','{\"ru\":\"Статус\",\"en\":\"Toggle\"}','y','{\"ru\":\"\",\"en\":\"\"}','{\"ru\":\"\",\"en\":\"\"}','all','',1,1,1,0),
(141,10,345,NULL,141,'','','{\"ru\":\"Нужно выбрать запись\",\"en\":\"Selection required\"}','y','{\"ru\":\"\",\"en\":\"\"}','{\"ru\":\"\",\"en\":\"\"}','all','',1,1,1,0),
(142,10,2100,NULL,142,'','','{\"ru\":\"Отображать в панели действий\",\"en\":\"Show in action bar\"}','y','{\"ru\":\"\",\"en\":\"\"}','{\"ru\":\"\",\"en\":\"\"}','all','',1,1,1,0),
(143,407,476,6,143,'','','{\"ru\":\"Поле\",\"en\":\"Field\"}','y','{\"ru\":\"\",\"en\":\"\"}','{\"ru\":\"\",\"en\":\"\"}','all','',1,1,1,0);

/*Table structure for table `grid` */

DROP TABLE IF EXISTS `grid`;

CREATE TABLE `grid` (
  `id` int NOT NULL AUTO_INCREMENT,
  `sectionId` int DEFAULT NULL,
  `fieldId` int DEFAULT NULL,
  `further` int DEFAULT NULL,
  `gridId` int DEFAULT NULL,
  `toggle` enum('y','n','h','e') CHARACTER SET utf8mb4 COLLATE utf8mb4_unicode_ci NOT NULL DEFAULT 'y',
  `move` int NOT NULL DEFAULT '0',
  `title` text CHARACTER SET utf8mb4 COLLATE utf8mb4_unicode_ci NOT NULL,
  `group` enum('normal','locked') CHARACTER SET utf8mb4 COLLATE utf8mb4_unicode_ci NOT NULL DEFAULT 'normal',
  `icon` varchar(255) CHARACTER SET utf8mb4 COLLATE utf8mb4_unicode_ci NOT NULL DEFAULT '',
  `rename` text CHARACTER SET utf8mb4 COLLATE utf8mb4_unicode_ci NOT NULL,
  `tooltip` text CHARACTER SET utf8mb4 COLLATE utf8mb4_unicode_ci NOT NULL,
  `editor` enum('0','1','enumNoCycle') CHARACTER SET utf8mb4 COLLATE utf8mb4_unicode_ci NOT NULL DEFAULT '0',
  `rowReqIfAffected` enum('n','y') CHARACTER SET utf8mb4 COLLATE utf8mb4_unicode_ci NOT NULL DEFAULT 'n',
  `width` int NOT NULL DEFAULT '0',
  `summaryType` enum('none','sum','average','min','max','text') CHARACTER SET utf8mb4 COLLATE utf8mb4_unicode_ci NOT NULL DEFAULT 'none',
  `summaryText` text CHARACTER SET utf8mb4 COLLATE utf8mb4_unicode_ci NOT NULL,
  `accessRoles` enum('all','none') CHARACTER SET utf8mb4 COLLATE utf8mb4_unicode_ci NOT NULL DEFAULT 'all',
  `accessExcept` varchar(255) CHARACTER SET utf8mb4 COLLATE utf8mb4_unicode_ci NOT NULL DEFAULT '',
  `jumpSectionId` int DEFAULT NULL,
  `jumpSectionActionId` int DEFAULT NULL,
  `jumpArgs` varchar(255) CHARACTER SET utf8 COLLATE utf8_general_ci NOT NULL DEFAULT '',
  `colorBreak` enum('n','y') CHARACTER SET utf8mb4 COLLATE utf8mb4_unicode_ci NOT NULL DEFAULT 'n',
  `colorDirect` varchar(10) CHARACTER SET utf8 COLLATE utf8_general_ci NOT NULL DEFAULT '',
  `colorField` int DEFAULT NULL,
  `colorEntry` int NOT NULL DEFAULT '0',
  PRIMARY KEY (`id`),
  KEY `sectionId` (`sectionId`),
  KEY `fieldId` (`fieldId`),
  KEY `toggle` (`toggle`),
  KEY `gridId` (`gridId`),
  KEY `access` (`accessRoles`),
  KEY `profileIds` (`accessExcept`(250)),
  KEY `editor` (`editor`),
  KEY `summaryType` (`summaryType`),
  KEY `group` (`group`),
  KEY `further` (`further`),
  KEY `rowReqIfAffected` (`rowReqIfAffected`),
  KEY `jumpSectionId` (`jumpSectionId`),
  KEY `jumpSectionActionId` (`jumpSectionActionId`),
  KEY `colorBreak` (`colorBreak`),
  KEY `colorField` (`colorField`),
  KEY `colorEntry` (`colorEntry`),
  FULLTEXT KEY `tooltip` (`tooltip`),
  FULLTEXT KEY `summaryText` (`summaryText`),
  FULLTEXT KEY `title` (`title`),
  FULLTEXT KEY `alterTitle` (`rename`),
  CONSTRAINT `grid_ibfk_colorField` FOREIGN KEY (`colorField`) REFERENCES `field` (`id`) ON DELETE SET NULL ON UPDATE CASCADE,
  CONSTRAINT `grid_ibfk_fieldId` FOREIGN KEY (`fieldId`) REFERENCES `field` (`id`) ON DELETE CASCADE ON UPDATE CASCADE,
  CONSTRAINT `grid_ibfk_further` FOREIGN KEY (`further`) REFERENCES `field` (`id`) ON DELETE CASCADE ON UPDATE CASCADE,
  CONSTRAINT `grid_ibfk_gridId` FOREIGN KEY (`gridId`) REFERENCES `grid` (`id`) ON DELETE CASCADE ON UPDATE CASCADE,
  CONSTRAINT `grid_ibfk_jumpSectionActionId` FOREIGN KEY (`jumpSectionActionId`) REFERENCES `section2action` (`id`) ON DELETE SET NULL ON UPDATE CASCADE,
  CONSTRAINT `grid_ibfk_jumpSectionId` FOREIGN KEY (`jumpSectionId`) REFERENCES `section` (`id`) ON DELETE SET NULL ON UPDATE CASCADE,
  CONSTRAINT `grid_ibfk_sectionId` FOREIGN KEY (`sectionId`) REFERENCES `section` (`id`) ON DELETE CASCADE ON UPDATE CASCADE
) ENGINE=InnoDB AUTO_INCREMENT=2842 DEFAULT CHARSET=utf8mb4 COLLATE=utf8mb4_unicode_ci;

/*Data for the table `grid` */

insert  into `grid`(`id`,`sectionId`,`fieldId`,`further`,`gridId`,`toggle`,`move`,`title`,`group`,`icon`,`rename`,`tooltip`,`editor`,`rowReqIfAffected`,`width`,`summaryType`,`summaryText`,`accessRoles`,`accessExcept`,`jumpSectionId`,`jumpSectionActionId`,`jumpArgs`,`colorBreak`,`colorDirect`,`colorField`,`colorEntry`) values 
(2,2,2,NULL,NULL,'y',2,'{\"ru\":\"Тип столбца MySQL\",\"en\":\"MySQL column type\"}','normal','','{\"ru\":\"\",\"en\":\"\"}','{\"ru\":\"\",\"en\":\"\"}','0','n',0,'none','{\"ru\":\"\",\"en\":\"\"}','all','',NULL,NULL,'','n','',NULL,0),
(3,2,3,NULL,NULL,'y',3,'{\"ru\":\"Пригоден для хранения внешних ключей\",\"en\":\"Compatible with foreign keys\"}','normal','','{\"ru\":\"\",\"en\":\"\"}','{\"ru\":\"\",\"en\":\"\"}','0','n',0,'none','{\"ru\":\"\",\"en\":\"\"}','all','',NULL,NULL,'','n','',NULL,0),
(6,6,7,NULL,NULL,'y',6,'{\"ru\":\"Наименование\",\"en\":\"Title\"}','normal','','{\"ru\":\"\",\"en\":\"\"}','{\"ru\":\"\",\"en\":\"\"}','1','n',0,'none','{\"ru\":\"\",\"en\":\"\"}','all','',NULL,NULL,'','n','',NULL,0),
(7,6,8,NULL,NULL,'y',7,'{\"ru\":\"Псевдоним\",\"en\":\"Alias\"}','normal','','{\"ru\":\"Псевдоним\",\"en\":\"Alias\"}','{\"ru\":\"\",\"en\":\"\"}','1','n',0,'none','{\"ru\":\"\",\"en\":\"\"}','all','',NULL,NULL,'','n','',NULL,0),
(8,6,9,NULL,2609,'y',2352,'{\"ru\":\"Тип столбца MySQL\",\"en\":\"MySQL column type\"}','normal','','{\"ru\":\"Тип столбца\",\"en\":\"Column type\"}','{\"ru\":\"\",\"en\":\"\"}','1','n',0,'none','{\"ru\":\"\",\"en\":\"\"}','all','',2,2,'','n','',NULL,0),
(9,6,10,NULL,2613,'y',2610,'{\"ru\":\"Элемент управления\",\"en\":\"Element\"}','normal','','{\"ru\":\"Элемент\",\"en\":\"Element\"}','{\"ru\":\"\",\"en\":\"\"}','1','n',0,'none','{\"ru\":\"\",\"en\":\"\"}','all','',16,53,'','n','',NULL,0),
(10,6,11,NULL,2609,'y',2609,'{\"ru\":\"DEFAULT\",\"en\":\"Default value\"}','normal','','{\"ru\":\"По умолчанию\",\"en\":\"Default\"}','{\"ru\":\"\",\"en\":\"\"}','1','n',0,'none','{\"ru\":\"\",\"en\":\"\"}','all','',NULL,NULL,'','n','',NULL,0),
(11,6,12,NULL,2611,'y',10,'{\"ru\":\"Ключи какой сущности\",\"en\":\"Which entity keys\"}','normal','','{\"ru\":\"Сущность\",\"en\":\"Entity\"}','{\"ru\":\"\",\"en\":\"\"}','1','n',0,'none','{\"ru\":\"\",\"en\":\"\"}','all','',5,7,'','n','',NULL,0),
(13,6,14,NULL,NULL,'y',2613,'{\"ru\":\"Порядок\",\"en\":\"Order\"}','normal','','{\"ru\":\"\",\"en\":\"\"}','{\"ru\":\"\",\"en\":\"\"}','0','n',0,'none','{\"ru\":\"\",\"en\":\"\"}','all','',NULL,NULL,'','n','',NULL,0),
(14,7,19,NULL,2642,'y',2460,'{\"ru\":\"Сущность\",\"en\":\"Entity\"}','normal','','{\"ru\":\"\",\"en\":\"\"}','{\"ru\":\"\",\"en\":\"\"}','0','n',0,'none','{\"ru\":\"\",\"en\":\"\"}','all','',5,7,'','n','',NULL,0),
(15,7,20,NULL,NULL,'y',14,'{\"ru\":\"Наименование\",\"en\":\"Title\"}','normal','','{\"ru\":\"\",\"en\":\"\"}','{\"ru\":\"\",\"en\":\"\"}','1','n',0,'none','{\"ru\":\"\",\"en\":\"\"}','all','',NULL,NULL,'','n','',NULL,0),
(16,7,21,NULL,2641,'y',15,'{\"ru\":\"Контроллер\",\"en\":\"Controller\"}','normal','','{\"ru\":\"\",\"en\":\"\"}','{\"ru\":\"\",\"en\":\"\"}','1','n',0,'none','{\"ru\":\"\",\"en\":\"\"}','all','',NULL,NULL,'','n','',NULL,0),
(17,7,22,NULL,2655,'y',16,'{\"ru\":\"Статус\",\"en\":\"Toggle\"}','normal','resources/images/icons/btn-icon-toggle.png','{\"ru\":\"\",\"en\":\"\"}','{\"ru\":\"\",\"en\":\"\"}','0','n',0,'none','{\"ru\":\"\",\"en\":\"\"}','all','',NULL,NULL,'','n','',NULL,0),
(18,7,23,NULL,NULL,'y',18,'{\"ru\":\"Порядок\",\"en\":\"Order\"}','normal','','{\"ru\":\"\",\"en\":\"\"}','{\"ru\":\"\",\"en\":\"\"}','1','n',0,'none','{\"ru\":\"\",\"en\":\"\"}','all','',NULL,NULL,'','n','',NULL,0),
(20,7,25,NULL,2654,'y',2644,'{\"ru\":\"Количество записей на странице\",\"en\":\"Number of records per page\"}','normal','resources/images/icons/btn-icon-qty-on-page.png','{\"ru\":\"\",\"en\":\"\"}','{\"ru\":\"\",\"en\":\"\"}','1','n',0,'none','{\"ru\":\"\",\"en\":\"\"}','all','',NULL,NULL,'','n','',NULL,0),
(26,10,31,NULL,NULL,'y',26,'{\"ru\":\"Наименование\",\"en\":\"Title\"}','normal','','{\"ru\":\"\",\"en\":\"\"}','{\"ru\":\"\",\"en\":\"\"}','1','n',0,'none','{\"ru\":\"\",\"en\":\"\"}','all','',NULL,NULL,'','n','',NULL,0),
(27,10,32,NULL,NULL,'y',923,'{\"ru\":\"Псевдоним\",\"en\":\"Alias\"}','normal','','{\"ru\":\"\",\"en\":\"\"}','{\"ru\":\"\",\"en\":\"\"}','1','n',0,'none','{\"ru\":\"\",\"en\":\"\"}','all','',NULL,NULL,'','n','',NULL,0),
(32,13,36,NULL,NULL,'y',32,'{\"ru\":\"Наименование\",\"en\":\"Title\"}','normal','','{\"ru\":\"\",\"en\":\"\"}','{\"ru\":\"\",\"en\":\"\"}','1','n',0,'none','{\"ru\":\"\",\"en\":\"\"}','all','',NULL,NULL,'','n','',NULL,0),
(33,13,37,NULL,NULL,'y',2464,'{\"ru\":\"Статус\",\"en\":\"Toggle\"}','normal','resources/images/icons/btn-icon-toggle.png','{\"ru\":\"\",\"en\":\"\"}','{\"ru\":\"\",\"en\":\"\"}','0','n',0,'none','{\"ru\":\"\",\"en\":\"\"}','all','',NULL,NULL,'','n','',NULL,0),
(36,14,39,NULL,NULL,'y',36,'{\"ru\":\"Фамилия Имя\",\"en\":\"Title\"}','normal','','{\"ru\":\"\",\"en\":\"\"}','{\"ru\":\"\",\"en\":\"\"}','1','n',0,'none','{\"ru\":\"\",\"en\":\"\"}','all','',NULL,NULL,'','n','',NULL,0),
(37,14,40,NULL,NULL,'y',37,'{\"ru\":\"Email (используется в качестве логина)\",\"en\":\"Login\"}','normal','','{\"ru\":\"\",\"en\":\"\"}','{\"ru\":\"\",\"en\":\"\"}','1','n',0,'none','{\"ru\":\"\",\"en\":\"\"}','all','',NULL,NULL,'','n','',NULL,0),
(38,14,2655,NULL,NULL,'y',38,'{\"en\":\"Phone\",\"ru\":\"Телефон\"}','normal','','{\"ru\":\"\",\"en\":\"\"}','{\"ru\":\"\",\"en\":\"\"}','1','n',0,'none','{\"ru\":\"\",\"en\":\"\"}','all','',NULL,NULL,'','n','',NULL,0),
(39,14,42,NULL,NULL,'y',39,'{\"ru\":\"Статус\",\"en\":\"Toggle\"}','normal','resources/images/icons/btn-icon-toggle.png','{\"ru\":\"\",\"en\":\"\"}','{\"ru\":\"\",\"en\":\"\"}','0','n',0,'none','{\"ru\":\"\",\"en\":\"\"}','all','',NULL,NULL,'','n','',NULL,0),
(42,16,65,NULL,NULL,'y',43,'{\"ru\":\"Псевдоним\",\"en\":\"Alias\"}','normal','','{\"ru\":\"\",\"en\":\"\"}','{\"ru\":\"\",\"en\":\"\"}','0','n',0,'none','{\"ru\":\"\",\"en\":\"\"}','all','',NULL,NULL,'','n','',NULL,0),
(43,16,66,NULL,NULL,'y',44,'{\"ru\":\"Способен работать с внешними ключами\",\"en\":\"Foreign keys compatibility\"}','normal','','{\"ru\":\"\",\"en\":\"\"}','{\"ru\":\"\",\"en\":\"\"}','0','n',0,'none','{\"ru\":\"\",\"en\":\"\"}','all','',NULL,NULL,'','n','',NULL,0),
(46,16,64,NULL,NULL,'y',42,'{\"ru\":\"Наименование\",\"en\":\"Title\"}','normal','','{\"ru\":\"\",\"en\":\"\"}','{\"ru\":\"\",\"en\":\"\"}','0','n',0,'none','{\"ru\":\"\",\"en\":\"\"}','all','',NULL,NULL,'','n','',NULL,0),
(1231,201,1342,NULL,NULL,'y',851,'{\"ru\":\"Поле\",\"en\":\"Field\"}','normal','','{\"ru\":\"\",\"en\":\"\"}','{\"ru\":\"\",\"en\":\"\"}','0','n',0,'none','{\"ru\":\"\",\"en\":\"\"}','all','',NULL,NULL,'','n','',NULL,0),
(1332,10,1364,NULL,NULL,'y',2323,'{\"ru\":\"Фракция\",\"en\":\"Fraction\"}','normal','','{\"ru\":\"\",\"en\":\"\"}','{\"ru\":\"\",\"en\":\"\"}','1','n',0,'none','{\"ru\":\"\",\"en\":\"\"}','all','',NULL,NULL,'','n','',NULL,0),
(1335,7,1366,NULL,2655,'y',17,'{\"ru\":\"Фракция\",\"en\":\"Fraction\"}','normal','','{\"ru\":\"\",\"en\":\"\"}','{\"ru\":\"\",\"en\":\"\"}','1','n',0,'none','{\"ru\":\"\",\"en\":\"\"}','all','',NULL,NULL,'','n','',NULL,0),
(1382,224,1444,NULL,2630,'y',2312,'{\"ru\":\"Порядок\",\"en\":\"Order\"}','normal','','{\"ru\":\"\",\"en\":\"\"}','{\"ru\":\"\",\"en\":\"\"}','0','n',0,'none','{\"ru\":\"\",\"en\":\"\"}','all','',NULL,NULL,'','n','',NULL,0),
(1383,224,1443,NULL,NULL,'y',926,'{\"ru\":\"Поле\",\"en\":\"Field\"}','normal','','{\"ru\":\"\",\"en\":\"\"}','{\"ru\":\"\",\"en\":\"\"}','1','n',0,'none','{\"ru\":\"\",\"en\":\"\"}','all','',6,11,'','n','',NULL,0),
(1384,224,1445,NULL,2630,'y',929,'{\"ru\":\"Статус\",\"en\":\"Toggle\"}','normal','resources/images/icons/btn-icon-toggle.png','{\"ru\":\"\",\"en\":\"\"}','{\"ru\":\"\",\"en\":\"\"}','0','n',0,'none','{\"ru\":\"\",\"en\":\"\"}','all','',NULL,NULL,'','n','',NULL,0),
(1448,201,1532,NULL,2638,'y',2639,'{\"ru\":\"Значение по умолчанию\",\"en\":\"Default value\"}','normal','','{\"ru\":\"\",\"en\":\"\"}','{\"ru\":\"\",\"en\":\"\"}','1','n',0,'none','{\"ru\":\"\",\"en\":\"\"}','all','',NULL,NULL,'','n','',NULL,0),
(1954,224,1658,NULL,2630,'y',2621,'{\"ru\":\"Переименовать\",\"en\":\"Rename\"}','normal','resources/images/icons/btn-icon-rename.png','{\"ru\":\"\",\"en\":\"\"}','{\"ru\":\"\",\"en\":\"\"}','1','n',0,'none','{\"ru\":\"\",\"en\":\"\"}','all','',NULL,NULL,'','n','',NULL,0),
(2280,201,2161,NULL,2638,'y',1946,'{\"ru\":\"Режим\",\"en\":\"Mode\"}','normal','resources/images/icons/field/readonly.png','{\"ru\":\"\",\"en\":\"\"}','{\"ru\":\"\",\"en\":\"\"}','0','n',0,'none','{\"ru\":\"\",\"en\":\"\"}','all','',NULL,NULL,'','n','',NULL,0),
(2311,224,2182,NULL,NULL,'y',2311,'{\"ru\":\"Значение по умолчанию\",\"en\":\"Default value\"}','normal','','{\"ru\":\"Значение<br>по умолчанию\",\"en\":\" Default<br>value\"}','{\"ru\":\"\",\"en\":\"\"}','1','n',0,'none','{\"ru\":\"\",\"en\":\"\"}','all','',NULL,NULL,'','n','',NULL,0),
(2312,224,2183,NULL,2630,'y',1945,'{\"ru\":\"Фильтрация\",\"en\":\"Filtering through SQL WHERE\"}','normal','resources/images/icons/btn-icon-filter.png','{\"ru\":\"\",\"en\":\"\"}','{\"ru\":\"\",\"en\":\"\"}','1','n',0,'none','{\"ru\":\"\",\"en\":\"\"}','all','',NULL,NULL,'','n','',NULL,0),
(2321,6,2197,NULL,2613,'y',13,'{\"ru\":\"Режим\",\"en\":\"Mode\"}','normal','resources/images/icons/field/readonly.png','{\"ru\":\"\",\"en\":\"\"}','{\"ru\":\"\",\"en\":\"\"}','0','n',0,'none','{\"ru\":\"\",\"en\":\"\"}','all','',NULL,NULL,'','n','',NULL,0),
(2323,10,2202,NULL,NULL,'y',2770,'{\"ru\":\"Статус\",\"en\":\"Toggle\"}','normal','resources/images/icons/btn-icon-toggle.png','{\"ru\":\"\",\"en\":\"\"}','{\"ru\":\"\",\"en\":\"\"}','0','n',0,'none','{\"ru\":\"\",\"en\":\"\"}','all','',NULL,NULL,'','n','',NULL,0),
(2327,7,2213,NULL,2654,'y',2641,'{\"ru\":\"Режим подгрузки\",\"en\":\"Loading mode\"}','normal','resources/images/icons/field/required.png','{\"ru\":\"\",\"en\":\"\"}','{\"ru\":\"Режим подгрузки данных\",\"en\":\"Data loading mode\"}','0','n',0,'none','{\"ru\":\"\",\"en\":\"\"}','all','',NULL,NULL,'','n','',NULL,0),
(2329,13,2215,NULL,NULL,'y',2563,'{\"ru\":\"Максимальное количество окон\",\"en\":\"Maximum number of windows\"}','normal','','{\"ru\":\"МКО\",\"en\":\"MNW\"}','{\"ru\":\"Максимальное количество окон\",\"en\":\"Maximum number of windows\"}','1','n',0,'none','{\"ru\":\"\",\"en\":\"\"}','all','',NULL,NULL,'','n','',NULL,0),
(2352,6,2239,NULL,2609,'y',2611,'{\"ru\":\"Мультиязычность\",\"en\":\"Localization\"}','normal','resources/images/icons/btn-icon-l10n.ico','{\"ru\":\"l10n\",\"en\":\"\"}','{\"ru\":\"\",\"en\":\"\"}','0','n',0,'none','{\"ru\":\"\",\"en\":\"\"}','all','',NULL,NULL,'','n','',NULL,0),
(2353,388,2247,NULL,NULL,'y',2352,'{\"ru\":\"От какого поля зависит\",\"en\":\"Depends on\"}','normal','','{\"ru\":\"\",\"en\":\"\"}','{\"ru\":\"\",\"en\":\"\"}','0','n',0,'none','{\"ru\":\"\",\"en\":\"\"}','all','',6,11,'','n','',NULL,0),
(2354,388,2248,NULL,NULL,'y',2353,'{\"ru\":\"Поле по ключу\",\"en\":\"Further field\"}','normal','','{\"ru\":\"\",\"en\":\"\"}','{\"ru\":\"\",\"en\":\"\"}','0','n',0,'none','{\"ru\":\"\",\"en\":\"\"}','all','',6,11,'','n','',NULL,0),
(2356,201,2252,NULL,2638,'y',988,'{\"ru\":\"Наименование\",\"en\":\"Name\"}','normal','resources/images/icons/btn-icon-rename.png','{\"ru\":\"\",\"en\":\"\"}','{\"ru\":\"\",\"en\":\"\"}','1','n',0,'none','{\"ru\":\"\",\"en\":\"\"}','all','',NULL,NULL,'','n','',NULL,0),
(2357,201,2207,NULL,2640,'y',2357,'{\"ru\":\"Роли\",\"en\":\"Roles\"}','normal','','{\"ru\":\"Роли\",\"en\":\"Roles\"}','{\"ru\":\"\",\"en\":\"\"}','1','n',0,'none','{\"ru\":\"\",\"en\":\"\"}','all','',NULL,NULL,'','n','',NULL,0),
(2358,201,2250,NULL,2640,'y',2358,'{\"ru\":\"Кроме\",\"en\":\"Except\"}','normal','','{\"ru\":\"\",\"en\":\"\"}','{\"ru\":\"\",\"en\":\"\"}','1','n',0,'none','{\"ru\":\"\",\"en\":\"\"}','all','',13,39,'','n','',NULL,0),
(2411,390,2275,NULL,NULL,'y',2412,'{\"ru\":\"Роль\",\"en\":\"Role\"}','normal','','{\"ru\":\"\",\"en\":\"\"}','{\"ru\":\"\",\"en\":\"\"}','0','n',0,'none','{\"ru\":\"\",\"en\":\"\"}','all','',NULL,NULL,'','n','',NULL,0),
(2412,390,2277,NULL,NULL,'y',2413,'{\"ru\":\"Общий\",\"en\":\"Shared\"}','normal','','{\"ru\":\"\",\"en\":\"\"}','{\"ru\":\"\",\"en\":\"\"}','0','n',0,'none','{\"ru\":\"\",\"en\":\"\"}','all','',NULL,NULL,'','n','',NULL,0),
(2413,390,2281,NULL,NULL,'y',2415,'{\"ru\":\"Дублирование на почту\",\"en\":\"Duplication by email\"}','normal','','{\"ru\":\"Email\",\"en\":\"Email\"}','{\"ru\":\"Дублирование на почту\",\"en\":\"Duplication to mail\"}','0','n',0,'none','{\"ru\":\"\",\"en\":\"\"}','all','',NULL,NULL,'','n','',NULL,0),
(2414,390,2282,NULL,NULL,'y',2462,'{\"ru\":\"Дублирование в ВК\",\"en\":\"Duplication in VK\"}','normal','','{\"ru\":\"VK\",\"en\":\"VK\"}','{\"ru\":\"Дублирование во ВКонтакте\",\"en\":\"Duplication in VKontakte\"}','0','n',0,'none','{\"ru\":\"\",\"en\":\"\"}','all','',NULL,NULL,'','n','',NULL,0),
(2415,390,2283,NULL,NULL,'y',2839,'{\"ru\":\"Дублирование по SMS\",\"en\":\"Duplication by SMS\"}','normal','','{\"ru\":\"SMS\",\"en\":\"SMS\"}','{\"ru\":\"Дублирование по SMS\",\"en\":\"Duplication by SMS\"}','0','n',0,'none','{\"ru\":\"\",\"en\":\"\"}','all','',NULL,NULL,'','n','',NULL,0),
(2417,388,2306,NULL,NULL,'y',2417,'{\"ru\":\"Обязательное\",\"en\":\"Required\"}','normal','','{\"ru\":\"[ ! ]\",\"en\":\"[ ! ]\"}','{\"ru\":\"Обязательное\",\"en\":\"Required\"}','0','n',0,'none','{\"ru\":\"\",\"en\":\"\"}','all','',NULL,NULL,'','n','',NULL,0),
(2418,388,2307,NULL,NULL,'y',2418,'{\"ru\":\"Коннектор\",\"en\":\"Connector\"}','normal','','{\"ru\":\"\",\"en\":\"\"}','{\"ru\":\"\",\"en\":\"\"}','0','n',0,'none','{\"ru\":\"\",\"en\":\"\"}','all','',6,11,'','n','',NULL,0),
(2438,391,6,NULL,NULL,'y',2438,'{\"ru\":\"Сущность\",\"en\":\"Entity\"}','normal','','{\"ru\":\"Сущность\",\"en\":\"Entity\"}','{\"ru\":\"Сущность, в структуру которой входит это поле\",\"en\":\"The entity that contains this field\"}','0','n',0,'none','{\"ru\":\"\",\"en\":\"\"}','all','',NULL,NULL,'','n','',NULL,0),
(2439,391,7,NULL,NULL,'y',2439,'{\"ru\":\"Наименование\",\"en\":\"Title\"}','normal','','{\"ru\":\"\",\"en\":\"\"}','{\"ru\":\"\",\"en\":\"\"}','1','n',0,'none','{\"ru\":\"\",\"en\":\"\"}','all','',NULL,NULL,'','n','',NULL,0),
(2441,391,2197,NULL,2618,'y',2441,'{\"ru\":\"Режим\",\"en\":\"Mode\"}','normal','resources/images/icons/field/readonly.png','{\"ru\":\"\",\"en\":\"\"}','{\"ru\":\"\",\"en\":\"\"}','0','n',0,'none','{\"ru\":\"\",\"en\":\"\"}','all','',NULL,NULL,'','n','',NULL,0),
(2442,391,10,NULL,2618,'y',2442,'{\"ru\":\"Элемент управления\",\"en\":\"Element\"}','normal','','{\"ru\":\"Элемент\",\"en\":\"Element\"}','{\"ru\":\"\",\"en\":\"\"}','1','n',0,'none','{\"ru\":\"\",\"en\":\"\"}','all','',16,53,'','n','',NULL,0),
(2443,391,2199,NULL,2618,'y',2443,'{\"ru\":\"Подсказка\",\"en\":\"Tooltip\"}','normal','','{\"ru\":\"\",\"en\":\"\"}','{\"ru\":\"\",\"en\":\"\"}','1','n',0,'none','{\"ru\":\"\",\"en\":\"\"}','all','',NULL,NULL,'','n','',NULL,0),
(2445,391,8,NULL,NULL,'y',2440,'{\"ru\":\"Псевдоним\",\"en\":\"Alias\"}','normal','','{\"ru\":\"Псевдоним\",\"en\":\"Alias\"}','{\"ru\":\"\",\"en\":\"\"}','1','n',0,'none','{\"ru\":\"\",\"en\":\"\"}','all','',NULL,NULL,'','n','',NULL,0),
(2446,391,9,NULL,2620,'y',2446,'{\"ru\":\"Тип столбца MySQL\",\"en\":\"MySQL column type\"}','normal','','{\"ru\":\"Тип столбца\",\"en\":\"Column type\"}','{\"ru\":\"\",\"en\":\"\"}','1','n',0,'none','{\"ru\":\"\",\"en\":\"\"}','all','',2,2,'','n','',NULL,0),
(2447,391,11,NULL,2620,'y',2447,'{\"ru\":\"Значение по умолчанию\",\"en\":\"Default value\"}','normal','','{\"ru\":\"По умолчанию\",\"en\":\"Default\"}','{\"ru\":\"\",\"en\":\"\"}','1','n',0,'none','{\"ru\":\"\",\"en\":\"\"}','all','',NULL,NULL,'','n','',NULL,0),
(2449,391,470,NULL,2619,'y',2449,'{\"ru\":\"Хранит ключи\",\"en\":\"Store keys\"}','normal','resources/images/icons/btn-icon-multikey.png','{\"ru\":\"\",\"en\":\"\"}','{\"ru\":\"\",\"en\":\"\"}','enumNoCycle','n',0,'none','{\"ru\":\"\",\"en\":\"\"}','all','',NULL,NULL,'','n','',NULL,0),
(2450,391,12,NULL,2619,'y',2450,'{\"ru\":\"Ключи какой сущности\",\"en\":\"Which entity keys\"}','normal','','{\"ru\":\"Сущность\",\"en\":\"Entity\"}','{\"ru\":\"\",\"en\":\"\"}','1','n',0,'none','{\"ru\":\"\",\"en\":\"\"}','all','',5,7,'','n','',NULL,0),
(2451,391,754,NULL,2619,'y',2451,'{\"ru\":\"Статическая фильтрация\",\"en\":\"Filtering through SQL WHERE\"}','normal','resources/images/icons/btn-icon-filter.png','{\"ru\":\"Фильтрация\",\"en\":\"\"}','{\"ru\":\"\",\"en\":\"\"}','1','n',0,'none','{\"ru\":\"\",\"en\":\"\"}','all','',NULL,NULL,'','n','',NULL,0),
(2452,391,2239,NULL,2620,'y',2619,'{\"ru\":\"Мультиязычность\",\"en\":\"Localization\"}','normal','resources/images/icons/btn-icon-l10n.ico','{\"ru\":\"l10n\",\"en\":\"\"}','{\"ru\":\"Мультиязычность\",\"en\":\"\"}','0','n',0,'none','{\"ru\":\"\",\"en\":\"\"}','all','',NULL,NULL,'','n','',NULL,0),
(2453,391,14,NULL,NULL,'y',2620,'{\"ru\":\"Порядок\",\"en\":\"Order\"}','normal','','{\"ru\":\"\",\"en\":\"\"}','{\"ru\":\"\",\"en\":\"\"}','0','n',0,'none','{\"ru\":\"\",\"en\":\"\"}','all','',NULL,NULL,'','n','',NULL,0),
(2459,7,502,NULL,2641,'y',926,'{\"ru\":\"PHP\",\"en\":\"PHP\"}','normal','resources/images/icons/btn-icon-php-parent.png','{\"ru\":\"\",\"en\":\"\"}','{\"ru\":\"\",\"en\":\"\"}','1','n',50,'none','{\"ru\":\"\",\"en\":\"\"}','all','',NULL,NULL,'','n','',NULL,0),
(2460,7,2309,NULL,2641,'y',2327,'{\"ru\":\"JS\",\"en\":\"JS\"}','normal','resources/images/icons/btn-icon-js-parent.png','{\"ru\":\"\",\"en\":\"\"}','{\"ru\":\"\",\"en\":\"\"}','1','n',50,'none','{\"ru\":\"\",\"en\":\"\"}','all','',NULL,NULL,'','n','',NULL,0),
(2462,390,2316,NULL,NULL,'y',2411,'{\"ru\":\"Статус\",\"en\":\"Toggle\"}','normal','resources/images/icons/btn-icon-toggle.png','{\"ru\":\"\",\"en\":\"\"}','{\"ru\":\"\",\"en\":\"\"}','0','n',0,'none','{\"ru\":\"\",\"en\":\"\"}','all','',NULL,NULL,'','n','',NULL,0),
(2463,14,2318,NULL,NULL,'y',2463,'{\"ru\":\"Демо-режим\",\"en\":\"Demo mode\"}','normal','','{\"ru\":\"Демо\",\"en\":\"Demo\"}','{\"ru\":\"Демо-режим\",\"en\":\"Demo mode\"}','0','n',0,'none','{\"ru\":\"\",\"en\":\"\"}','all','',NULL,NULL,'','n','',NULL,0),
(2464,13,2319,NULL,NULL,'y',2615,'{\"ru\":\"Демо-режим\",\"en\":\"Demo mode\"}','normal','','{\"ru\":\"Демо\",\"en\":\"Demo\"}','{\"ru\":\"Демо-режим\",\"en\":\"Demo mode\"}','0','n',0,'none','{\"ru\":\"\",\"en\":\"\"}','all','',NULL,NULL,'','n','',NULL,0),
(2466,14,2324,NULL,NULL,'y',2466,'{\"ru\":\"Правки UI\",\"en\":\"UI editing\"}','normal','','{\"ru\":\"\",\"en\":\"\"}','{\"ru\":\"\",\"en\":\"\"}','0','n',0,'none','{\"ru\":\"\",\"en\":\"\"}','all','',NULL,NULL,'','n','',NULL,0),
(2467,387,2236,NULL,NULL,'y',2467,'{\"ru\":\"Наименование\",\"en\":\"Title\"}','normal','','{\"ru\":\"\",\"en\":\"\"}','{\"ru\":\"\",\"en\":\"\"}','0','n',0,'none','{\"ru\":\"\",\"en\":\"\"}','all','',NULL,NULL,'','n','',NULL,0),
(2468,387,2237,NULL,NULL,'y',2468,'{\"ru\":\"Ключ\",\"en\":\"Key\"}','normal','','{\"ru\":\"\",\"en\":\"\"}','{\"ru\":\"\",\"en\":\"\"}','0','n',0,'none','{\"ru\":\"\",\"en\":\"\"}','all','',NULL,NULL,'','n','',NULL,0),
(2469,387,2326,NULL,NULL,'y',2469,'{\"ru\":\"Админка\",\"en\":\"Admin panel\"}','normal','','{\"ru\":\"\",\"en\":\"\"}','{\"ru\":\"\",\"en\":\"\"}','0','n',0,'none','{\"ru\":\"\",\"en\":\"\"}','all','',NULL,NULL,'','n','',NULL,0),
(2470,387,2238,NULL,2469,'y',2470,'{\"ru\":\"Статус\",\"en\":\"Toggle\"}','normal','resources/images/icons/btn-icon-toggle.png','{\"ru\":\"\",\"en\":\"\"}','{\"ru\":\"\",\"en\":\"\"}','0','n',0,'none','{\"ru\":\"\",\"en\":\"\"}','all','',NULL,NULL,'','n','',NULL,0),
(2471,387,2327,NULL,2469,'y',2471,'{\"ru\":\"Система\",\"en\":\"System\"}','normal','','{\"ru\":\"\",\"en\":\"\"}','{\"ru\":\"\",\"en\":\"\"}','0','n',0,'none','{\"ru\":\"\",\"en\":\"\"}','all','',NULL,NULL,'','n','',NULL,0),
(2472,387,2328,NULL,2471,'y',2472,'{\"ru\":\"Интерфейс\",\"en\":\"Interface\"}','normal','','{\"ru\":\"\",\"en\":\"\"}','{\"ru\":\"\",\"en\":\"\"}','0','n',0,'none','{\"ru\":\"\",\"en\":\"\"}','all','',NULL,NULL,'','n','',NULL,0),
(2473,387,2329,NULL,2471,'y',2473,'{\"ru\":\"Константы\",\"en\":\"Constants\"}','normal','','{\"ru\":\"\",\"en\":\"\"}','{\"ru\":\"\",\"en\":\"\"}','0','n',0,'none','{\"ru\":\"\",\"en\":\"\"}','all','',NULL,NULL,'','n','',NULL,0),
(2474,387,2330,NULL,2469,'y',2474,'{\"ru\":\"Проект\",\"en\":\"Project\"}','normal','','{\"ru\":\"\",\"en\":\"\"}','{\"ru\":\"\",\"en\":\"\"}','0','n',0,'none','{\"ru\":\"\",\"en\":\"\"}','all','',NULL,NULL,'','n','',NULL,0),
(2475,387,2331,NULL,2474,'y',2475,'{\"ru\":\"Интерфейс\",\"en\":\"Interface\"}','normal','','{\"ru\":\"\",\"en\":\"\"}','{\"ru\":\"\",\"en\":\"\"}','0','n',0,'none','{\"ru\":\"\",\"en\":\"\"}','all','',NULL,NULL,'','n','',NULL,0),
(2476,387,2332,NULL,2474,'y',2476,'{\"ru\":\"Константы\",\"en\":\"Constants\"}','normal','','{\"ru\":\"\",\"en\":\"\"}','{\"ru\":\"\",\"en\":\"\"}','0','n',0,'none','{\"ru\":\"\",\"en\":\"\"}','all','',NULL,NULL,'','n','',NULL,0),
(2477,387,2333,NULL,2474,'y',2477,'{\"ru\":\"Данные\",\"en\":\"Data\"}','normal','','{\"ru\":\"\",\"en\":\"\"}','{\"ru\":\"\",\"en\":\"\"}','0','n',0,'none','{\"ru\":\"\",\"en\":\"\"}','all','',NULL,NULL,'','n','',NULL,0),
(2478,387,2334,NULL,2474,'y',2478,'{\"ru\":\"Шаблоны\",\"en\":\"Templates\"}','normal','','{\"ru\":\"\",\"en\":\"\"}','{\"ru\":\"\",\"en\":\"\"}','0','n',0,'none','{\"ru\":\"\",\"en\":\"\"}','all','',NULL,NULL,'','n','',NULL,0),
(2479,387,2335,NULL,NULL,'y',2479,'{\"ru\":\"Порядок\",\"en\":\"Order\"}','normal','','{\"ru\":\"\",\"en\":\"\"}','{\"ru\":\"\",\"en\":\"\"}','0','n',0,'none','{\"ru\":\"\",\"en\":\"\"}','all','',NULL,NULL,'','n','',NULL,0),
(2502,392,2337,NULL,NULL,'y',2502,'{\"ru\":\"Создана\",\"en\":\"Created at\"}','normal','','{\"ru\":\"\",\"en\":\"\"}','{\"ru\":\"\",\"en\":\"\"}','0','n',0,'none','{\"ru\":\"\",\"en\":\"\"}','all','',NULL,NULL,'','n','',NULL,0),
(2503,392,2336,NULL,NULL,'y',2503,'{\"ru\":\"Задача\",\"en\":\"Task\"}','normal','','{\"ru\":\"\",\"en\":\"\"}','{\"ru\":\"\",\"en\":\"\"}','0','n',0,'none','{\"ru\":\"\",\"en\":\"\"}','all','',NULL,NULL,'','n','',NULL,0),
(2504,392,2338,NULL,NULL,'y',2504,'{\"ru\":\"Параметры\",\"en\":\"Parameters\"}','normal','','{\"ru\":\"\",\"en\":\"\"}','{\"ru\":\"\",\"en\":\"\"}','0','n',0,'none','{\"ru\":\"\",\"en\":\"\"}','all','',NULL,NULL,'','n','',NULL,0),
(2505,392,2342,NULL,NULL,'h',2505,'{\"ru\":\"Этап\",\"en\":\"Stage\"}','normal','','{\"ru\":\"\",\"en\":\"\"}','{\"ru\":\"\",\"en\":\"\"}','0','n',0,'none','{\"ru\":\"\",\"en\":\"\"}','all','',NULL,NULL,'','n','',NULL,0),
(2506,392,2343,NULL,NULL,'h',2506,'{\"ru\":\"Статус\",\"en\":\"Status\"}','normal','','{\"ru\":\"\",\"en\":\"\"}','{\"ru\":\"\",\"en\":\"\"}','0','n',0,'none','{\"ru\":\"\",\"en\":\"\"}','all','',NULL,NULL,'','n','',NULL,0),
(2507,392,2344,NULL,NULL,'y',2507,'{\"ru\":\"Сегменты\",\"en\":\"Chunks\"}','normal','','{\"ru\":\"\",\"en\":\"\"}','{\"ru\":\"\",\"en\":\"\"}','0','n',0,'none','{\"ru\":\"\",\"en\":\"\"}','all','',NULL,NULL,'','n','',NULL,0),
(2508,392,2339,NULL,NULL,'y',2508,'{\"ru\":\"Процесс\",\"en\":\"Process\"}','normal','','{\"ru\":\"\",\"en\":\"\"}','{\"ru\":\"\",\"en\":\"\"}','0','n',0,'none','{\"ru\":\"\",\"en\":\"\"}','all','',NULL,NULL,'','n','',NULL,0),
(2509,392,2341,NULL,2508,'y',2509,'{\"ru\":\"PID\",\"en\":\"PID\"}','normal','','{\"ru\":\"\",\"en\":\"\"}','{\"ru\":\"\",\"en\":\"\"}','0','n',0,'none','{\"ru\":\"\",\"en\":\"\"}','all','',NULL,NULL,'','n','',NULL,0),
(2510,392,2340,NULL,2508,'y',2510,'{\"ru\":\"Начат\",\"en\":\"Started\"}','normal','','{\"ru\":\"\",\"en\":\"\"}','{\"ru\":\"\",\"en\":\"\"}','0','n',0,'none','{\"ru\":\"\",\"en\":\"\"}','all','',NULL,NULL,'','n','',NULL,0),
(2511,392,2345,NULL,NULL,'y',2511,'{\"ru\":\"Оценка\",\"en\":\"Estimation\"}','normal','','{\"ru\":\"\",\"en\":\"\"}','{\"ru\":\"\",\"en\":\"\"}','0','n',0,'none','{\"ru\":\"\",\"en\":\"\"}','all','',NULL,NULL,'','n','',NULL,0),
(2512,392,2346,NULL,2511,'y',2512,'{\"ru\":\"Статус\",\"en\":\"Status\"}','normal','','{\"ru\":\"\",\"en\":\"\"}','{\"ru\":\"\",\"en\":\"\"}','0','n',0,'none','{\"ru\":\"\",\"en\":\"\"}','all','',NULL,NULL,'','n','',NULL,0),
(2513,392,2347,NULL,2511,'y',2513,'{\"ru\":\"Размер\",\"en\":\"Size\"}','normal','','{\"ru\":\"\",\"en\":\"\"}','{\"ru\":\"\",\"en\":\"\"}','0','n',0,'none','{\"ru\":\"\",\"en\":\"\"}','all','',NULL,NULL,'','n','',NULL,0),
(2514,392,2348,NULL,NULL,'y',2514,'{\"ru\":\"Создание\",\"en\":\"Creating\"}','normal','','{\"ru\":\"\",\"en\":\"\"}','{\"ru\":\"\",\"en\":\"\"}','0','n',0,'none','{\"ru\":\"\",\"en\":\"\"}','all','',NULL,NULL,'','n','',NULL,0),
(2515,392,2349,NULL,2514,'y',2515,'{\"ru\":\"Статус\",\"en\":\"Status\"}','normal','','{\"ru\":\"\",\"en\":\"\"}','{\"ru\":\"\",\"en\":\"\"}','0','n',0,'none','{\"ru\":\"\",\"en\":\"\"}','all','',NULL,NULL,'','n','',NULL,0),
(2516,392,2350,NULL,2514,'y',2516,'{\"ru\":\"Размер\",\"en\":\"Size\"}','normal','','{\"ru\":\"\",\"en\":\"\"}','{\"ru\":\"\",\"en\":\"\"}','0','n',0,'none','{\"ru\":\"\",\"en\":\"\"}','all','',NULL,NULL,'','n','',NULL,0),
(2517,392,2351,NULL,2514,'y',2517,'{\"ru\":\"Байт\",\"en\":\"Bytes\"}','normal','','{\"ru\":\"\",\"en\":\"\"}','{\"ru\":\"\",\"en\":\"\"}','0','n',0,'sum','{\"ru\":\"\",\"en\":\"\"}','all','',NULL,NULL,'','n','',NULL,0),
(2518,392,2352,NULL,NULL,'y',2518,'{\"ru\":\"Процессинг\",\"en\":\"Processing\"}','normal','','{\"ru\":\"\",\"en\":\"\"}','{\"ru\":\"\",\"en\":\"\"}','0','n',0,'none','{\"ru\":\"\",\"en\":\"\"}','all','',NULL,NULL,'','n','',NULL,0),
(2519,392,2353,NULL,2518,'y',2519,'{\"ru\":\"Статус\",\"en\":\"Status\"}','normal','','{\"ru\":\"\",\"en\":\"\"}','{\"ru\":\"\",\"en\":\"\"}','0','n',0,'none','{\"ru\":\"\",\"en\":\"\"}','all','',NULL,NULL,'','n','',NULL,0),
(2520,392,2354,NULL,2518,'y',2520,'{\"ru\":\"Размер\",\"en\":\"Size\"}','normal','','{\"ru\":\"\",\"en\":\"\"}','{\"ru\":\"\",\"en\":\"\"}','0','n',0,'none','{\"ru\":\"\",\"en\":\"\"}','all','',NULL,NULL,'','n','',NULL,0),
(2521,392,2355,NULL,NULL,'y',2521,'{\"ru\":\"Применение\",\"en\":\"Applying\"}','normal','','{\"ru\":\"\",\"en\":\"\"}','{\"ru\":\"\",\"en\":\"\"}','0','n',0,'none','{\"ru\":\"\",\"en\":\"\"}','all','',NULL,NULL,'','n','',NULL,0),
(2522,392,2356,NULL,2521,'y',2522,'{\"ru\":\"Статус\",\"en\":\"Status\"}','normal','','{\"ru\":\"\",\"en\":\"\"}','{\"ru\":\"\",\"en\":\"\"}','0','n',0,'none','{\"ru\":\"\",\"en\":\"\"}','all','',NULL,NULL,'','n','',NULL,0),
(2523,392,2357,NULL,2521,'y',2523,'{\"ru\":\"Размер\",\"en\":\"Size\"}','normal','','{\"ru\":\"\",\"en\":\"\"}','{\"ru\":\"\",\"en\":\"\"}','0','n',0,'none','{\"ru\":\"\",\"en\":\"\"}','all','',NULL,NULL,'','n','',NULL,0),
(2540,393,2359,NULL,NULL,'y',2540,'{\"ru\":\"Расположение\",\"en\":\"Location\"}','normal','','{\"ru\":\"\",\"en\":\"\"}','{\"ru\":\"\",\"en\":\"\"}','0','n',0,'none','{\"ru\":\"\",\"en\":\"\"}','all','',NULL,NULL,'','n','',NULL,0),
(2541,393,2360,NULL,NULL,'y',2541,'{\"ru\":\"Условие выборки\",\"en\":\"Fetch condition\"}','normal','','{\"ru\":\"\",\"en\":\"\"}','{\"ru\":\"\",\"en\":\"\"}','0','n',0,'none','{\"ru\":\"\",\"en\":\"\"}','all','',NULL,NULL,'','n','',NULL,0),
(2542,393,2361,NULL,NULL,'y',2542,'{\"ru\":\"Оценка\",\"en\":\"Estimation\"}','normal','','{\"ru\":\"\",\"en\":\"\"}','{\"ru\":\"\",\"en\":\"\"}','0','n',0,'none','{\"ru\":\"\",\"en\":\"\"}','all','',NULL,NULL,'','n','',NULL,0),
(2543,393,2362,NULL,2542,'y',2543,'{\"ru\":\"Статус\",\"en\":\"Status\"}','normal','','{\"ru\":\"\",\"en\":\"\"}','{\"ru\":\"\",\"en\":\"\"}','0','n',0,'none','{\"ru\":\"\",\"en\":\"\"}','all','',NULL,NULL,'','n','',NULL,0),
(2544,393,2363,NULL,2542,'y',2544,'{\"ru\":\"Размер\",\"en\":\"Size\"}','normal','','{\"ru\":\"\",\"en\":\"\"}','{\"ru\":\"\",\"en\":\"\"}','0','n',0,'sum','{\"ru\":\"\",\"en\":\"\"}','all','',NULL,NULL,'','n','',NULL,0),
(2545,393,2364,NULL,NULL,'y',2545,'{\"ru\":\"Создание\",\"en\":\"Creating\"}','normal','','{\"ru\":\"\",\"en\":\"\"}','{\"ru\":\"\",\"en\":\"\"}','0','n',0,'none','{\"ru\":\"\",\"en\":\"\"}','all','',NULL,NULL,'','n','',NULL,0),
(2546,393,2365,NULL,2545,'y',2546,'{\"ru\":\"Статус\",\"en\":\"Status\"}','normal','','{\"ru\":\"\",\"en\":\"\"}','{\"ru\":\"\",\"en\":\"\"}','0','n',0,'none','{\"ru\":\"\",\"en\":\"\"}','all','',NULL,NULL,'','n','',NULL,0),
(2547,393,2366,NULL,2545,'y',2547,'{\"ru\":\"Размер\",\"en\":\"Size\"}','normal','','{\"ru\":\"\",\"en\":\"\"}','{\"ru\":\"\",\"en\":\"\"}','0','n',0,'sum','{\"ru\":\"\",\"en\":\"\"}','all','',NULL,NULL,'','n','',NULL,0),
(2548,393,2367,NULL,NULL,'y',2548,'{\"ru\":\"Процессинг\",\"en\":\"Processing\"}','normal','','{\"ru\":\"\",\"en\":\"\"}','{\"ru\":\"\",\"en\":\"\"}','0','n',0,'none','{\"ru\":\"\",\"en\":\"\"}','all','',NULL,NULL,'','n','',NULL,0),
(2549,393,2368,NULL,2548,'y',2549,'{\"ru\":\"Статус\",\"en\":\"Status\"}','normal','','{\"ru\":\"\",\"en\":\"\"}','{\"ru\":\"\",\"en\":\"\"}','0','n',0,'none','{\"ru\":\"\",\"en\":\"\"}','all','',NULL,NULL,'','n','',NULL,0),
(2550,393,2369,NULL,2548,'y',2550,'{\"ru\":\"Размер\",\"en\":\"Size\"}','normal','','{\"ru\":\"\",\"en\":\"\"}','{\"ru\":\"\",\"en\":\"\"}','0','n',0,'sum','{\"ru\":\"\",\"en\":\"\"}','all','',NULL,NULL,'','n','',NULL,0),
(2551,393,2370,NULL,NULL,'y',2551,'{\"ru\":\"Применение\",\"en\":\"Applying\"}','normal','','{\"ru\":\"\",\"en\":\"\"}','{\"ru\":\"\",\"en\":\"\"}','0','n',0,'none','{\"ru\":\"\",\"en\":\"\"}','all','',NULL,NULL,'','n','',NULL,0),
(2552,393,2371,NULL,2551,'y',2552,'{\"ru\":\"Статус\",\"en\":\"Status\"}','normal','','{\"ru\":\"\",\"en\":\"\"}','{\"ru\":\"\",\"en\":\"\"}','0','n',0,'none','{\"ru\":\"\",\"en\":\"\"}','all','',NULL,NULL,'','n','',NULL,0),
(2553,393,2372,NULL,2551,'y',2553,'{\"ru\":\"Размер\",\"en\":\"Size\"}','normal','','{\"ru\":\"\",\"en\":\"\"}','{\"ru\":\"\",\"en\":\"\"}','0','n',0,'sum','{\"ru\":\"\",\"en\":\"\"}','all','',NULL,NULL,'','n','',NULL,0),
(2558,394,2375,NULL,NULL,'y',2558,'{\"ru\":\"Таргет\",\"en\":\"Target\"}','normal','','{\"ru\":\"\",\"en\":\"\"}','{\"ru\":\"\",\"en\":\"\"}','0','n',0,'none','{\"ru\":\"\",\"en\":\"\"}','all','',NULL,NULL,'','n','',NULL,0),
(2559,394,2376,NULL,NULL,'y',2559,'{\"ru\":\"Значение\",\"en\":\"Value\"}','normal','','{\"ru\":\"\",\"en\":\"\"}','{\"ru\":\"\",\"en\":\"\"}','0','n',0,'none','{\"ru\":\"\",\"en\":\"\"}','all','',NULL,NULL,'','n','',NULL,0),
(2560,394,2377,NULL,NULL,'y',2560,'{\"ru\":\"Результат\",\"en\":\"Result\"}','normal','','{\"ru\":\"\",\"en\":\"\"}','{\"ru\":\"\",\"en\":\"\"}','1','n',0,'none','{\"ru\":\"\",\"en\":\"\"}','all','',NULL,NULL,'','n','',NULL,0),
(2561,394,2378,NULL,NULL,'y',2561,'{\"ru\":\"Статус\",\"en\":\"Status\"}','normal','','{\"ru\":\"\",\"en\":\"\"}','{\"ru\":\"\",\"en\":\"\"}','0','n',0,'none','{\"ru\":\"\",\"en\":\"\"}','all','',NULL,NULL,'','n','',NULL,0),
(2562,393,2383,NULL,2545,'y',2562,'{\"ru\":\"Байт\",\"en\":\"Bytes\"}','normal','','{\"ru\":\"\",\"en\":\"\"}','{\"ru\":\"\",\"en\":\"\"}','0','n',0,'sum','{\"ru\":\"\",\"en\":\"\"}','all','',NULL,NULL,'','n','',NULL,0),
(2563,13,2384,NULL,NULL,'y',2329,'{\"ru\":\"Фракция\",\"en\":\"Fraction\"}','normal','','{\"ru\":\"\",\"en\":\"\"}','{\"ru\":\"\",\"en\":\"\"}','0','n',0,'none','{\"ru\":\"\",\"en\":\"\"}','all','',NULL,NULL,'','n','',NULL,0),
(2596,396,2409,NULL,NULL,'y',2596,'{\"ru\":\"Запись\",\"en\":\"Entry\"}','normal','','{\"ru\":\"\",\"en\":\"\"}','{\"ru\":\"\",\"en\":\"\"}','0','n',0,'none','{\"ru\":\"\",\"en\":\"\"}','all','',NULL,NULL,'','n','',NULL,0),
(2597,396,2400,NULL,NULL,'y',2597,'{\"ru\":\"Токен\",\"en\":\"Token\"}','normal','','{\"ru\":\"\",\"en\":\"\"}','{\"ru\":\"\",\"en\":\"\"}','0','n',0,'none','{\"ru\":\"\",\"en\":\"\"}','all','',NULL,NULL,'','n','',NULL,0),
(2598,396,2405,NULL,NULL,'h',2598,'{\"ru\":\"Раздел\",\"en\":\"Section\"}','normal','','{\"ru\":\"\",\"en\":\"\"}','{\"ru\":\"\",\"en\":\"\"}','0','n',0,'none','{\"ru\":\"\",\"en\":\"\"}','all','',NULL,NULL,'','n','',NULL,0),
(2599,396,2397,NULL,NULL,'h',2599,'{\"ru\":\"Тип\",\"en\":\"Type\"}','normal','','{\"ru\":\"\",\"en\":\"\"}','{\"ru\":\"\",\"en\":\"\"}','0','n',0,'none','{\"ru\":\"\",\"en\":\"\"}','all','',NULL,NULL,'','n','',NULL,0),
(2600,396,2398,NULL,NULL,'h',2600,'{\"ru\":\"Роль\",\"en\":\"Role\"}','normal','','{\"ru\":\"\",\"en\":\"\"}','{\"ru\":\"\",\"en\":\"\"}','0','n',0,'none','{\"ru\":\"\",\"en\":\"\"}','all','',NULL,NULL,'','n','',NULL,0),
(2601,396,2399,NULL,NULL,'y',2601,'{\"ru\":\"Пользователь\",\"en\":\"User\"}','normal','','{\"ru\":\"\",\"en\":\"\"}','{\"ru\":\"\",\"en\":\"\"}','0','y',0,'none','{\"ru\":\"\",\"en\":\"\"}','all','',NULL,NULL,'','n','',NULL,0),
(2602,396,2401,NULL,NULL,'y',2602,'{\"ru\":\"Начало\",\"en\":\"Since\"}','normal','','{\"ru\":\"\",\"en\":\"\"}','{\"ru\":\"\",\"en\":\"\"}','0','n',0,'none','{\"ru\":\"\",\"en\":\"\"}','all','',NULL,NULL,'','n','',NULL,0),
(2603,396,2402,NULL,NULL,'y',2603,'{\"ru\":\"Конец\",\"en\":\"Until\"}','normal','','{\"ru\":\"\",\"en\":\"\"}','{\"ru\":\"\",\"en\":\"\"}','0','n',0,'none','{\"ru\":\"\",\"en\":\"\"}','all','',NULL,NULL,'','n','',NULL,0),
(2604,396,2403,NULL,NULL,'h',2604,'{\"ru\":\"Длительность\",\"en\":\"Duration\"}','normal','','{\"ru\":\"\",\"en\":\"\"}','{\"ru\":\"\",\"en\":\"\"}','0','n',0,'none','{\"ru\":\"\",\"en\":\"\"}','all','',NULL,NULL,'','n','',NULL,0),
(2605,396,2404,NULL,NULL,'h',2605,'{\"ru\":\"Язык\",\"en\":\"Language\"}','normal','','{\"ru\":\"\",\"en\":\"\"}','{\"ru\":\"\",\"en\":\"\"}','0','n',0,'none','{\"ru\":\"\",\"en\":\"\"}','all','',NULL,NULL,'','n','',NULL,0),
(2606,396,2406,NULL,NULL,'h',2606,'{\"ru\":\"Сущность\",\"en\":\"Entity\"}','normal','','{\"ru\":\"\",\"en\":\"\"}','{\"ru\":\"\",\"en\":\"\"}','0','n',0,'none','{\"ru\":\"\",\"en\":\"\"}','all','',NULL,NULL,'','n','',NULL,0),
(2607,396,2407,NULL,NULL,'n',2607,'{\"ru\":\"Записи\",\"en\":\"Records\"}','normal','','{\"ru\":\"\",\"en\":\"\"}','{\"ru\":\"\",\"en\":\"\"}','0','n',0,'none','{\"ru\":\"\",\"en\":\"\"}','all','',NULL,NULL,'','n','',NULL,0),
(2608,396,2408,NULL,NULL,'h',2608,'{\"ru\":\"Поля\",\"en\":\"Fields\"}','normal','','{\"ru\":\"\",\"en\":\"\"}','{\"ru\":\"\",\"en\":\"\"}','0','n',0,'none','{\"ru\":\"\",\"en\":\"\"}','all','',NULL,NULL,'','n','',NULL,0),
(2609,6,2412,NULL,NULL,'y',2612,'{\"ru\":\"MySQL\",\"en\":\"MySQL\"}','normal','','{\"ru\":\"\",\"en\":\"\"}','{\"ru\":\"\",\"en\":\"\"}','0','n',0,'none','{\"ru\":\"\",\"en\":\"\"}','all','',NULL,NULL,'','n','',NULL,0),
(2610,6,470,NULL,2611,'y',9,'{\"ru\":\"Хранит ключи\",\"en\":\"Store keys\"}','normal','resources/images/icons/btn-icon-multikey.png','{\"ru\":\"\",\"en\":\"\"}','{\"ru\":\"\",\"en\":\"\"}','enumNoCycle','n',0,'none','{\"ru\":\"\",\"en\":\"\"}','all','',NULL,NULL,'','n','',NULL,0),
(2611,6,2413,NULL,NULL,'y',8,'{\"ru\":\"Внешние ключи\",\"en\":\"Foreign keys\"}','normal','','{\"ru\":\"\",\"en\":\"\"}','{\"ru\":\"\",\"en\":\"\"}','0','n',0,'none','{\"ru\":\"\",\"en\":\"\"}','all','',NULL,NULL,'','n','',NULL,0),
(2612,6,754,NULL,2611,'y',11,'{\"ru\":\"Статическая фильтрация\",\"en\":\"Filtering through SQL WHERE\"}','normal','resources/images/icons/btn-icon-filter.png','{\"ru\":\"Фильтрация\",\"en\":\"Filtration\"}','{\"ru\":\"\",\"en\":\"\"}','1','n',0,'none','{\"ru\":\"\",\"en\":\"\"}','all','',NULL,NULL,'','n','',NULL,0),
(2613,6,2414,NULL,NULL,'y',2321,'{\"ru\":\"Элемент управления\",\"en\":\"Form element\"}','normal','','{\"ru\":\"Элемент управления\",\"en\":\"\"}','{\"ru\":\"\",\"en\":\"\"}','0','n',0,'none','{\"ru\":\"\",\"en\":\"\"}','all','',NULL,NULL,'','n','',NULL,0),
(2614,6,2199,NULL,2613,'y',2614,'{\"ru\":\"Подсказка\",\"en\":\"Tooltip\"}','normal','resources/images/icons/btn-icon-tooltip.png','{\"ru\":\"\",\"en\":\"\"}','{\"ru\":\"\",\"en\":\"\"}','1','n',0,'none','{\"ru\":\"\",\"en\":\"\"}','all','',NULL,NULL,'','n','',NULL,0),
(2615,13,1337,NULL,NULL,'y',2616,'{\"ru\":\"Сущность пользователей\",\"en\":\"Entity of users\"}','normal','','{\"ru\":\"\",\"en\":\"\"}','{\"ru\":\"\",\"en\":\"\"}','1','n',0,'none','{\"ru\":\"\",\"en\":\"\"}','all','',5,7,'','n','',NULL,0),
(2616,13,2131,NULL,NULL,'y',2617,'{\"ru\":\"Дэшборд\",\"en\":\"Dashboard uri\"}','normal','','{\"ru\":\"\",\"en\":\"\"}','{\"ru\":\"\",\"en\":\"\"}','1','n',0,'none','{\"ru\":\"\",\"en\":\"\"}','all','',NULL,NULL,'','n','',NULL,0),
(2617,13,2132,NULL,NULL,'y',2706,'{\"ru\":\"Порядок\",\"en\":\"Order\"}','normal','','{\"ru\":\"\",\"en\":\"\"}','{\"ru\":\"\",\"en\":\"\"}','0','n',0,'none','{\"ru\":\"\",\"en\":\"\"}','all','',NULL,NULL,'','n','',NULL,0),
(2618,391,2414,NULL,NULL,'y',2448,'{\"ru\":\"Элемент управления\",\"en\":\"Form element\"}','normal','','{\"ru\":\"\",\"en\":\"\"}','{\"ru\":\"\",\"en\":\"\"}','0','n',0,'none','{\"ru\":\"\",\"en\":\"\"}','all','',NULL,NULL,'','n','',NULL,0),
(2619,391,2413,NULL,NULL,'y',2444,'{\"ru\":\"Внешние ключи\",\"en\":\"Foreign keys\"}','normal','','{\"ru\":\"\",\"en\":\"\"}','{\"ru\":\"\",\"en\":\"\"}','0','n',0,'none','{\"ru\":\"\",\"en\":\"\"}','all','',NULL,NULL,'','n','',NULL,0),
(2620,391,2412,NULL,NULL,'y',2452,'{\"ru\":\"MySQL\",\"en\":\"MySQL\"}','normal','','{\"ru\":\"\",\"en\":\"\"}','{\"ru\":\"\",\"en\":\"\"}','0','n',0,'none','{\"ru\":\"\",\"en\":\"\"}','all','',NULL,NULL,'','n','',NULL,0),
(2621,224,2314,NULL,NULL,'y',928,'{\"ru\":\"Поле по ключу\",\"en\":\"Further field\"}','normal','resources/images/icons/join.png','{\"ru\":\"\",\"en\":\"\"}','{\"ru\":\"\",\"en\":\"\"}','1','n',0,'none','{\"ru\":\"\",\"en\":\"\"}','all','',6,11,'','n','',NULL,0),
(2622,224,2203,NULL,2629,'y',2622,'{\"ru\":\"Роли\",\"en\":\"Roles\"}','normal','','{\"ru\":\"\",\"en\":\"\"}','{\"ru\":\"\",\"en\":\"\"}','1','n',0,'none','{\"ru\":\"\",\"en\":\"\"}','all','',NULL,NULL,'','n','',NULL,0),
(2623,224,2204,NULL,2629,'y',2623,'{\"en\":\"Except\",\"ru\":\"Кроме\"}','normal','','{\"ru\":\"\",\"en\":\"\"}','{\"ru\":\"\",\"en\":\"\"}','1','n',0,'none','{\"ru\":\"\",\"en\":\"\"}','all','',13,39,'','n','',NULL,0),
(2624,224,2317,NULL,2630,'y',2624,'{\"ru\":\"Подсказка\",\"en\":\"Tooltip\"}','normal','resources/images/icons/btn-icon-tooltip.png','{\"ru\":\"\",\"en\":\"\"}','{\"ru\":\"\",\"en\":\"\"}','1','n',0,'none','{\"ru\":\"\",\"en\":\"\"}','all','',NULL,NULL,'','n','',NULL,0),
(2625,224,2311,NULL,2628,'y',2626,'{\"ru\":\"Разрешить сброс\",\"en\":\"Allow reset\"}','normal','','{\"ru\":\"РС\",\"en\":\"AR\"}','{\"ru\":\"\",\"en\":\"\"}','1','n',0,'none','{\"ru\":\"\",\"en\":\"\"}','all','',NULL,NULL,'','n','',NULL,0),
(2626,224,2184,NULL,2628,'y',2627,'{\"ru\":\"Игнорировать шаблон, заданный в параметрах настроек поля\",\"en\":\"Ignore option template\"}','normal','','{\"ru\":\"ИШ\",\"en\":\"IOT\"}','{\"ru\":\"\",\"en\":\"\"}','1','n',0,'none','{\"ru\":\"\",\"en\":\"\"}','all','',NULL,NULL,'','n','',NULL,0),
(2627,224,2198,NULL,2628,'y',2625,'{\"ru\":\"Содержательность\",\"en\":\"Non-empty result\"}','normal','','{\"ru\":\"НР\",\"en\":\"NER\"}','{\"ru\":\"\",\"en\":\"\"}','1','n',0,'none','{\"ru\":\"\",\"en\":\"\"}','all','',NULL,NULL,'','n','',NULL,0),
(2628,224,2419,NULL,NULL,'y',2630,'{\"ru\":\"Флаги\",\"en\":\"Flags\"}','normal','','{\"ru\":\"\",\"en\":\"\"}','{\"ru\":\"\",\"en\":\"\"}','0','n',0,'none','{\"ru\":\"\",\"en\":\"\"}','all','',NULL,NULL,'','n','',NULL,0),
(2629,224,2420,NULL,NULL,'y',2629,'{\"ru\":\"Доступ\",\"en\":\"Access\"}','normal','','{\"ru\":\"\",\"en\":\"\"}','{\"ru\":\"\",\"en\":\"\"}','0','n',0,'none','{\"ru\":\"\",\"en\":\"\"}','all','',NULL,NULL,'','n','',NULL,0),
(2630,224,2421,NULL,NULL,'y',2628,'{\"ru\":\"Отображение\",\"en\":\"Display\"}','normal','','{\"ru\":\"\",\"en\":\"\"}','{\"ru\":\"\",\"en\":\"\"}','0','n',0,'none','{\"ru\":\"\",\"en\":\"\"}','all','',NULL,NULL,'','n','',NULL,0),
(2638,201,2251,NULL,NULL,'y',2640,'{\"ru\":\"Изменить свойства\",\"en\":\"Adjust properties\"}','normal','','{\"ru\":\"\",\"en\":\"\"}','{\"ru\":\"\",\"en\":\"\"}','0','n',0,'none','{\"ru\":\"\",\"en\":\"\"}','all','',NULL,NULL,'','n','',NULL,0),
(2639,201,2385,NULL,2638,'y',2356,'{\"ru\":\"Элемент\",\"en\":\"Element\"}','normal','','{\"ru\":\"\",\"en\":\"\"}','{\"ru\":\"\",\"en\":\"\"}','1','n',0,'none','{\"ru\":\"\",\"en\":\"\"}','all','',NULL,NULL,'','n','',NULL,0),
(2640,201,2424,NULL,NULL,'y',2769,'{\"en\":\"Access\",\"ru\":\"Доступ\"}','normal','','{\"ru\":\"\",\"en\":\"\"}','{\"ru\":\"\",\"en\":\"\"}','0','n',0,'none','{\"ru\":\"\",\"en\":\"\"}','all','',NULL,NULL,'','n','',NULL,0),
(2641,7,2425,NULL,2655,'y',2459,'{\"ru\":\"Родительские классы\",\"en\":\"Parent classes\"}','normal','','{\"ru\":\"Привязка к коду\",\"en\":\"Binding to code\"}','{\"ru\":\"\",\"en\":\"\"}','0','n',100,'none','{\"ru\":\"\",\"en\":\"\"}','all','',NULL,NULL,'','n','',NULL,0),
(2642,7,2426,NULL,2653,'y',31,'{\"en\":\"Data source\",\"ru\":\"Источник данных\"}','normal','','{\"en\":\"\",\"ru\":\"\"}','{\"ru\":\"\",\"en\":\"\"}','0','n',0,'none','{\"ru\":\"\",\"en\":\"\"}','all','',NULL,NULL,'','n','',NULL,0),
(2643,7,1345,NULL,2642,'y',2812,'{\"ru\":\"Запретить создание новых записей\",\"en\":\"Prevent creation of new records\"}','normal','resources/images/icons/btn-icon-create-deny.png','{\"ru\":\"\",\"en\":\"\"}','{\"ru\":\"\",\"en\":\"\"}','0','n',0,'none','{\"ru\":\"\",\"en\":\"\"}','all','',NULL,NULL,'','n','',NULL,0),
(2644,7,767,NULL,2642,'y',2647,'{\"ru\":\"Фильтрация через SQL WHERE\",\"en\":\"Filtering through SQL WHERE\"}','normal','resources/images/icons/filter-db-blue.png','{\"ru\":\"\",\"en\":\"\"}','{\"ru\":\"\",\"en\":\"\"}','1','n',0,'none','{\"ru\":\"\",\"en\":\"\"}','all','',NULL,NULL,'','n','',NULL,0),
(2645,7,503,NULL,2654,'y',2642,'{\"ru\":\"Сортировка\",\"en\":\"Sort by\"}','normal','','{\"ru\":\"\",\"en\":\"\"}','{\"ru\":\"\",\"en\":\"\"}','1','y',0,'none','{\"ru\":\"\",\"en\":\"\"}','all','',NULL,NULL,'','n','',NULL,0),
(2646,7,557,NULL,2654,'h',2645,'{\"ru\":\"Направление сортировки\",\"en\":\"Sort direction\"}','normal','','{\"ru\":\"\",\"en\":\"\"}','{\"ru\":\"\",\"en\":\"\"}','0','y',0,'none','{\"ru\":\"\",\"en\":\"\"}','all','',NULL,NULL,'','n','',NULL,0),
(2647,7,2427,NULL,2807,'y',2654,'{\"en\":\"Display\",\"ru\":\"Отображение записей\"}','normal','','{\"en\":\"\",\"ru\":\"Вид\"}','{\"ru\":\"\",\"en\":\"\"}','0','n',0,'none','{\"ru\":\"\",\"en\":\"\"}','all','',NULL,NULL,'','n','',NULL,0),
(2648,7,2312,NULL,2807,'y',2808,'{\"en\":\"Enable&nbsp;multi‑selection\",\"ru\":\"Выделение более одной записи\"}','normal','resources/images/icons/btn-icon-multi-select.png','{\"ru\":\"\",\"en\":\"\"}','{\"ru\":\"\",\"en\":\"\"}','0','n',0,'none','{\"ru\":\"\",\"en\":\"\"}','all','',NULL,NULL,'','n','',NULL,0),
(2649,7,2310,NULL,2647,'y',2650,'{\"ru\":\"Включить нумерацию записей\",\"en\":\"Enable records numbering\"}','normal','resources/images/icons/btn-icon-numberer.png','{\"ru\":\"\",\"en\":\"\"}','{\"ru\":\"\",\"en\":\"\"}','0','n',0,'none','{\"ru\":\"\",\"en\":\"\"}','all','',NULL,NULL,'','n','',NULL,0),
(2650,7,2211,NULL,2647,'y',2649,'{\"ru\":\"Группировка\",\"en\":\"Group by\"}','normal','resources/images/icons/group.png','{\"ru\":\"\",\"en\":\"\"}','{\"ru\":\"\",\"en\":\"\"}','1','n',0,'none','{\"ru\":\"\",\"en\":\"\"}','all','',6,11,'','n','',NULL,0),
(2651,7,2322,NULL,2647,'h',2651,'{\"ru\":\"Плитка\",\"en\":\"Tile\"}','normal','','{\"ru\":\"\",\"en\":\"\"}','{\"ru\":\"\",\"en\":\"\"}','0','n',0,'none','{\"ru\":\"\",\"en\":\"\"}','all','',NULL,NULL,'','n','',NULL,0),
(2652,7,2323,NULL,2647,'h',2652,'{\"ru\":\"Превью\",\"en\":\"Preview\"}','normal','','{\"ru\":\"\",\"en\":\"\"}','{\"ru\":\"\",\"en\":\"\"}','0','n',0,'none','{\"ru\":\"\",\"en\":\"\"}','all','',NULL,NULL,'','n','',NULL,0),
(2653,7,2428,NULL,NULL,'y',2655,'{\"ru\":\"Записи\",\"en\":\"Recordings\"}','normal','','{\"ru\":\"\",\"en\":\"Records\"}','{\"ru\":\"\",\"en\":\"\"}','0','n',0,'none','{\"ru\":\"\",\"en\":\"\"}','all','',NULL,NULL,'','n','',NULL,0),
(2654,7,2429,NULL,2653,'y',2646,'{\"ru\":\"Подгрузка записей\",\"en\":\"Loading records\"}','normal','','{\"ru\":\"Подгрузка\",\"en\":\"Loading\"}','{\"ru\":\"\",\"en\":\"\"}','0','n',0,'none','{\"ru\":\"\",\"en\":\"\"}','all','',NULL,NULL,'','n','',NULL,0),
(2655,7,2430,NULL,NULL,'y',2653,'{\"ru\":\"Параметры\",\"en\":\"Parameters\"}','normal','','{\"ru\":\"Свойства\",\"en\":\"Properties\"}','{\"ru\":\"\",\"en\":\"\"}','0','n',100,'none','{\"ru\":\"\",\"en\":\"\"}','all','',NULL,NULL,'','n','',NULL,0),
(2656,2,475,NULL,NULL,'y',2656,'{\"ru\":\"Совместимые элементы управления\",\"en\":\"Compatible with form elements\"}','normal','','{\"ru\":\"\",\"en\":\"\"}','{\"ru\":\"\",\"en\":\"\"}','1','n',0,'none','{\"ru\":\"\",\"en\":\"\"}','all','',16,53,'','n','',NULL,0),
(2657,16,92,NULL,NULL,'y',2657,'{\"ru\":\"Не отображать в формах\",\"en\":\"Hide in forms\"}','normal','','{\"ru\":\"\",\"en\":\"\"}','{\"ru\":\"\",\"en\":\"\"}','0','n',0,'none','{\"ru\":\"\",\"en\":\"\"}','all','',NULL,NULL,'','n','',NULL,0),
(2658,10,345,NULL,NULL,'y',2658,'{\"ru\":\"Нужно выбрать запись\",\"en\":\"Selection required\"}','normal','','{\"ru\":\"\",\"en\":\"\"}','{\"ru\":\"\",\"en\":\"\"}','1','n',0,'none','{\"ru\":\"\",\"en\":\"\"}','all','',NULL,NULL,'','n','',NULL,0),
(2659,10,2100,NULL,NULL,'y',2659,'{\"ru\":\"Отображать в панели действий\",\"en\":\"Show in action bar\"}','normal','','{\"ru\":\"\",\"en\":\"\"}','{\"ru\":\"\",\"en\":\"\"}','1','n',0,'none','{\"ru\":\"\",\"en\":\"\"}','all','',NULL,NULL,'','n','',NULL,0),
(2677,101,2433,NULL,NULL,'y',2677,'{\"ru\":\"Параметр\",\"en\":\"Param\"}','normal','','{\"ru\":\"\",\"en\":\"\"}','{\"ru\":\"\",\"en\":\"\"}','0','n',0,'none','{\"ru\":\"\",\"en\":\"\"}','all','',405,1628,'','n','',NULL,0),
(2678,101,2434,NULL,NULL,'y',2678,'{\"ru\":\"Значение\",\"en\":\"Value\"}','normal','','{\"ru\":\"\",\"en\":\"\"}','{\"ru\":\"\",\"en\":\"\"}','1','n',0,'none','{\"ru\":\"\",\"en\":\"\"}','all','',NULL,NULL,'','n','',NULL,0),
(2679,405,7,NULL,NULL,'y',2679,'{\"ru\":\"Наименование\",\"en\":\"Title\"}','normal','','{\"ru\":\"\",\"en\":\"\"}','{\"ru\":\"\",\"en\":\"\"}','1','n',0,'none','{\"ru\":\"\",\"en\":\"\"}','all','',NULL,NULL,'','n','',NULL,0),
(2680,405,8,NULL,NULL,'y',2680,'{\"ru\":\"Псевдоним\",\"en\":\"Alias\"}','normal','','{\"ru\":\"Псевдоним\",\"en\":\"Alias\"}','{\"ru\":\"\",\"en\":\"\"}','1','n',0,'none','{\"ru\":\"\",\"en\":\"\"}','all','',NULL,NULL,'','n','',NULL,0),
(2681,405,2413,NULL,NULL,'y',2681,'{\"ru\":\"Внешние ключи\",\"en\":\"Foreign keys\"}','normal','','{\"ru\":\"\",\"en\":\"\"}','{\"ru\":\"\",\"en\":\"\"}','0','n',0,'none','{\"ru\":\"\",\"en\":\"\"}','all','',NULL,NULL,'','n','',NULL,0),
(2682,405,470,NULL,2681,'y',2682,'{\"ru\":\"Хранит ключи\",\"en\":\"Store keys\"}','normal','resources/images/icons/btn-icon-multikey.png','{\"ru\":\"\",\"en\":\"\"}','{\"ru\":\"\",\"en\":\"\"}','enumNoCycle','n',0,'none','{\"ru\":\"\",\"en\":\"\"}','all','',NULL,NULL,'','n','',NULL,0),
(2683,405,12,NULL,2681,'y',2683,'{\"ru\":\"Ключи какой сущности\",\"en\":\"Which entity keys\"}','normal','','{\"ru\":\"Сущность\",\"en\":\"Entity\"}','{\"ru\":\"\",\"en\":\"\"}','1','n',0,'none','{\"ru\":\"\",\"en\":\"\"}','all','',5,7,'','n','',NULL,0),
(2684,405,754,NULL,2681,'y',2684,'{\"ru\":\"Статическая фильтрация\",\"en\":\"Filtering through SQL WHERE\"}','normal','resources/images/icons/btn-icon-filter.png','{\"ru\":\"Фильтрация\",\"en\":\"SQL WHERE\"}','{\"ru\":\"\",\"en\":\"\"}','1','n',0,'none','{\"ru\":\"\",\"en\":\"\"}','all','',NULL,NULL,'','n','',NULL,0),
(2685,405,2414,NULL,NULL,'y',2685,'{\"ru\":\"Элемент управления\",\"en\":\"Form element\"}','normal','','{\"ru\":\"Элемент управления\",\"en\":\"\"}','{\"ru\":\"\",\"en\":\"\"}','0','n',0,'none','{\"ru\":\"\",\"en\":\"\"}','all','',NULL,NULL,'','n','',NULL,0),
(2686,405,2197,NULL,2685,'y',2686,'{\"ru\":\"Режим\",\"en\":\"Mode\"}','normal','resources/images/icons/field/readonly.png','{\"ru\":\"\",\"en\":\"\"}','{\"ru\":\"\",\"en\":\"\"}','0','n',0,'none','{\"ru\":\"\",\"en\":\"\"}','all','',NULL,NULL,'','n','',NULL,0),
(2687,405,10,NULL,2685,'y',2687,'{\"ru\":\"Элемент управления\",\"en\":\"Element\"}','normal','','{\"ru\":\"Элемент\",\"en\":\"Element\"}','{\"ru\":\"\",\"en\":\"\"}','1','n',0,'none','{\"ru\":\"\",\"en\":\"\"}','all','',16,53,'','n','',NULL,0),
(2688,405,2199,NULL,2685,'y',2688,'{\"ru\":\"Подсказка\",\"en\":\"Tooltip\"}','normal','','{\"ru\":\"\",\"en\":\"\"}','{\"ru\":\"\",\"en\":\"\"}','1','n',0,'none','{\"ru\":\"\",\"en\":\"\"}','all','',NULL,NULL,'','n','',NULL,0),
(2689,405,2412,NULL,NULL,'y',2689,'{\"ru\":\"MySQL\",\"en\":\"MySQL\"}','normal','','{\"ru\":\"\",\"en\":\"\"}','{\"ru\":\"\",\"en\":\"\"}','0','n',0,'none','{\"ru\":\"\",\"en\":\"\"}','all','',NULL,NULL,'','n','',NULL,0),
(2690,405,9,NULL,2689,'y',2690,'{\"ru\":\"Тип столбца MySQL\",\"en\":\"MySQL column type\"}','normal','','{\"ru\":\"Тип столбца\",\"en\":\"Column type\"}','{\"ru\":\"\",\"en\":\"\"}','1','n',0,'none','{\"ru\":\"\",\"en\":\"\"}','all','',2,2,'','n','',NULL,0),
(2691,405,11,NULL,2689,'y',2691,'{\"ru\":\"Значение по умолчанию\",\"en\":\"Default value\"}','normal','','{\"ru\":\"По умолчанию\",\"en\":\"Default\"}','{\"ru\":\"\",\"en\":\"\"}','1','n',0,'none','{\"ru\":\"\",\"en\":\"\"}','all','',NULL,NULL,'','n','',NULL,0),
(2692,405,2239,NULL,2689,'y',2692,'{\"ru\":\"Мультиязычность\",\"en\":\"Localization\"}','normal','resources/images/icons/btn-icon-l10n.ico','{\"ru\":\"l10n\",\"en\":\"\"}','{\"ru\":\"\",\"en\":\"\"}','0','n',0,'none','{\"ru\":\"\",\"en\":\"\"}','all','',NULL,NULL,'','n','',NULL,0),
(2693,405,14,NULL,NULL,'y',2693,'{\"ru\":\"Порядок\",\"en\":\"Order\"}','normal','','{\"ru\":\"\",\"en\":\"\"}','{\"ru\":\"\",\"en\":\"\"}','0','n',0,'none','{\"ru\":\"\",\"en\":\"\"}','all','',NULL,NULL,'','n','',NULL,0),
(2694,406,16,NULL,NULL,'y',2694,'{\"ru\":\"Наименование\",\"en\":\"Title\"}','normal','','{\"ru\":\"\",\"en\":\"\"}','{\"ru\":\"\",\"en\":\"\"}','1','n',0,'none','{\"ru\":\"\",\"en\":\"\"}','all','',NULL,NULL,'','n','',NULL,0),
(2695,406,17,NULL,NULL,'y',2695,'{\"ru\":\"Псевдоним\",\"en\":\"Alias\"}','normal','','{\"ru\":\"\",\"en\":\"\"}','{\"ru\":\"\",\"en\":\"\"}','1','n',0,'none','{\"ru\":\"\",\"en\":\"\"}','all','',NULL,NULL,'','n','',NULL,0),
(2696,406,377,NULL,NULL,'y',2696,'{\"ru\":\"Порядок\",\"en\":\"Order\"}','normal','','{\"ru\":\"\",\"en\":\"\"}','{\"ru\":\"\",\"en\":\"\"}','0','n',0,'none','{\"ru\":\"\",\"en\":\"\"}','all','',NULL,NULL,'','n','',NULL,0),
(2697,407,476,NULL,NULL,'y',2701,'{\"ru\":\"Поле\",\"en\":\"Field\"}','normal','','{\"ru\":\"\",\"en\":\"\"}','{\"ru\":\"\",\"en\":\"\"}','0','n',0,'none','{\"ru\":\"\",\"en\":\"\"}','all','',6,11,'','n','',NULL,0),
(2700,407,2166,NULL,NULL,'h',2705,'{\"ru\":\"Auto title\",\"en\":\"Auto title\"}','normal','','{\"ru\":\"\",\"en\":\"\"}','{\"ru\":\"\",\"en\":\"\"}','0','n',0,'none','{\"ru\":\"\",\"en\":\"\"}','all','',NULL,NULL,'','n','',NULL,0),
(2701,407,2433,NULL,NULL,'y',2702,'{\"ru\":\"Параметр\",\"en\":\"Param\"}','normal','','{\"ru\":\"\",\"en\":\"\"}','{\"ru\":\"\",\"en\":\"\"}','0','n',0,'none','{\"ru\":\"\",\"en\":\"\"}','all','',405,1628,'','n','',NULL,0),
(2702,407,2434,NULL,NULL,'y',2703,'{\"ru\":\"Значение\",\"en\":\"Value\"}','normal','','{\"ru\":\"\",\"en\":\"\"}','{\"ru\":\"\",\"en\":\"\"}','0','n',0,'none','{\"ru\":\"\",\"en\":\"\"}','all','',NULL,NULL,'','n','',NULL,0),
(2705,407,476,6,NULL,'y',2700,'{\"ru\":\"Поле\",\"en\":\"Field\"}','normal','','{\"ru\":\"\",\"en\":\"\"}','{\"ru\":\"\",\"en\":\"\"}','0','n',0,'none','{\"ru\":\"\",\"en\":\"\"}','all','',5,7,'','n','',NULL,0),
(2706,13,2485,NULL,NULL,'y',33,'{\"ru\":\"Псевдоним\",\"en\":\"Alias\"}','normal','','','','0','n',0,'none','','all','',NULL,NULL,'','n','',NULL,0),
(2707,393,2379,NULL,NULL,'y',2707,'{\"ru\":\"Порядок\",\"en\":\"Order\"}','normal','','','','0','n',0,'none','','all','',NULL,NULL,'','n','',NULL,0),
(2734,389,2254,NULL,NULL,'y',2734,'{\"ru\":\"Наименование\",\"en\":\"Title\"}','normal','','','','0','n',0,'none','','all','',NULL,NULL,'','n','',NULL,0),
(2735,389,2596,NULL,NULL,'y',2735,'{\"en\":\"Properties\",\"ru\":\"Свойства\"}','normal','','','','0','n',0,'none','','all','',NULL,NULL,'','n','',NULL,0),
(2736,389,2258,NULL,2735,'y',2736,'{\"ru\":\"Статус\",\"en\":\"Toggle\"}','normal','resources/images/icons/btn-icon-toggle.png','','','0','n',0,'none','','all','',NULL,NULL,'','n','',NULL,0),
(2737,389,2321,NULL,2735,'y',2737,'{\"ru\":\"Фракция\",\"en\":\"Fraction\"}','normal','','','','0','n',0,'none','','all','',NULL,NULL,'','n','',NULL,0),
(2738,389,2595,NULL,2735,'y',2738,'{\"ru\":\"Псевдоним\",\"en\":\"Alias\"}','normal','','','','1','n',0,'none','','all','',NULL,NULL,'','n','',NULL,0),
(2739,389,2597,NULL,2735,'y',2739,'{\"ru\":\"Цвет\",\"en\":\"Color\"}','normal','','','','0','n',0,'none','','all','',NULL,NULL,'','n','',NULL,0),
(2740,389,2263,NULL,2739,'y',2740,'{\"ru\":\"Цвет фона\",\"en\":\"Background color\"}','normal','','{\"ru\":\"Фон\",\"en\":\"Background\"}','','0','n',0,'none','','all','',NULL,NULL,'','n','',NULL,0),
(2741,389,2264,NULL,2739,'y',2741,'{\"ru\":\"Цвет текста\",\"en\":\"Foreground color\"}','normal','','{\"en\":\"Foreground\",\"ru\":\"Текст\"}','','0','n',0,'none','','all','',NULL,NULL,'','n','',NULL,0),
(2742,389,2257,NULL,2735,'y',2742,'{\"ru\":\"Получатели\",\"en\":\"Recipients\"}','normal','','','','0','n',0,'none','','all','',13,39,'','n','',NULL,0),
(2743,389,2598,NULL,NULL,'y',2743,'{\"en\":\"Trigger\",\"ru\":\"Триггер\"}','normal','','','','0','n',0,'none','','all','',NULL,NULL,'','n','',NULL,0),
(2744,389,2255,NULL,2743,'y',2744,'{\"ru\":\"Сущность\",\"en\":\"Entity\"}','normal','','','','0','n',0,'none','','all','',5,7,'','n','',NULL,0),
(2745,389,2259,NULL,2743,'y',2745,'{\"ru\":\"Счетчик\",\"en\":\"Counter\"}','normal','','','','0','n',0,'none','','all','',NULL,NULL,'','n','',NULL,0),
(2746,389,2260,NULL,2745,'y',2746,'{\"ru\":\"Отображение \\/ SQL\",\"en\":\"Calculation \\/ SQL\"}','normal','','','','0','n',0,'none','','all','',NULL,NULL,'','n','',NULL,0),
(2747,389,2262,NULL,2745,'y',2747,'{\"ru\":\"Пункты меню\",\"en\":\"Menu items\"}','normal','','','','0','n',0,'none','','all','',NULL,NULL,'','n','',NULL,0),
(2748,389,2261,NULL,2745,'y',2748,'{\"ru\":\"Направление изменения\",\"en\":\"Direction of change\"}','normal','','','','0','n',0,'none','','all','',NULL,NULL,'','n','',NULL,0),
(2749,389,2256,NULL,2743,'y',2749,'{\"ru\":\"Событие \\/ PHP\",\"en\":\"Event \\/ PHP\"}','normal','','','','0','n',0,'none','','all','',NULL,NULL,'','n','',NULL,0),
(2750,5,4,NULL,NULL,'y',2750,'{\"ru\":\"Наименование\",\"en\":\"Title\"}','normal','','','','1','n',0,'none','','all','',NULL,NULL,'','n','',NULL,0),
(2751,5,612,NULL,NULL,'y',2751,'{\"ru\":\"Фракция\",\"en\":\"Fraction\"}','normal','','','','0','n',0,'none','','all','',NULL,NULL,'','n','',NULL,0),
(2752,5,5,NULL,NULL,'y',2752,'{\"ru\":\"Таблица БД\",\"en\":\"DB table\"}','normal','','','','1','n',0,'none','','all','',NULL,NULL,'','n','',NULL,0),
(2753,5,555,NULL,NULL,'y',2753,'{\"ru\":\"Родительский класс PHP\",\"en\":\"Parent PHP class\"}','normal','resources/images/icons/btn-icon-php-parent.png','','','1','n',0,'none','','all','',NULL,NULL,'','n','',NULL,0),
(2754,5,2320,NULL,NULL,'y',2754,'{\"ru\":\"Группировать файлы\",\"en\":\"Group files by\"}','normal','','','','1','n',0,'none','','all','',NULL,NULL,'','n','',NULL,0),
(2755,392,2599,NULL,NULL,'h',2755,'{\"ru\":\"Ошибка\",\"en\":\"Error\"}','normal','','','','0','y',0,'none','','all','',NULL,NULL,'','n','',NULL,0),
(2756,22,108,NULL,NULL,'y',2756,'{\"en\":\"Alias\",\"ru\":\"Псевдоним\"}','normal','','','','0','n',0,'none','','all','',NULL,NULL,'','n','',NULL,0),
(2757,22,109,NULL,NULL,'y',2757,'{\"en\":\"Width\",\"ru\":\"Ширина\"}','normal','','','','0','n',0,'none','','all','',NULL,NULL,'','n','',NULL,0),
(2758,22,110,NULL,NULL,'y',2758,'{\"en\":\"Height\",\"ru\":\"Высота\"}','normal','','','','0','n',0,'none','','all','',NULL,NULL,'','n','',NULL,0),
(2759,22,2600,NULL,NULL,'y',2759,'{\"en\":\"Set exactly\",\"ru\":\"Установить точный размер\"}','normal','','','','0','n',0,'none','','all','',NULL,NULL,'','n','',NULL,0),
(2760,22,107,NULL,NULL,'y',2760,'{\"en\":\"Note\",\"ru\":\"Комментарий\"}','normal','','','','0','n',0,'none','','all','',NULL,NULL,'','n','',NULL,0),
(2769,201,2609,NULL,NULL,'y',2638,'{\"en\":\"Toggle\",\"ru\":\"Переключать\"}','normal','resources/images/icons/btn-icon-toggle.png','','','0','n',0,'none','','all','',NULL,NULL,'','n','',NULL,0),
(2770,10,2612,NULL,NULL,'y',27,'{\"en\":\"Icon\",\"ru\":\"Иконка\"}','normal','resources/images/icons/icon-image.png','','','1','n',0,'none','','all','',NULL,NULL,'','n','',NULL,0),
(2774,11,2165,NULL,NULL,'y',2774,'{\"en\":\"Auto title\",\"ru\":\"Auto title\"}','normal','','{\"en\":\"Column\",\"ru\":\"Столбец\"}','','0','n',0,'none','','all','',NULL,NULL,'','n','',NULL,0),
(2775,11,35,NULL,NULL,'y',2775,'{\"en\":\"Order\",\"ru\":\"Порядок\"}','normal','','','','0','n',0,'none','','all','',NULL,NULL,'','n','',NULL,0),
(2776,11,2619,NULL,NULL,'y',2776,'{\"en\":\"Properties\",\"ru\":\"Свойства\"}','normal','','','','0','n',0,'none','','all','',NULL,NULL,'','n','',NULL,0),
(2777,11,2159,NULL,2776,'y',2777,'{\"en\":\"Toggle\",\"ru\":\"Статус\"}','normal','resources/images/icons/btn-icon-toggle.png','','','0','n',0,'none','','all','',NULL,NULL,'','n','',NULL,0),
(2778,11,2613,NULL,2776,'y',2778,'{\"en\":\"Data source\",\"ru\":\"Источник данных\"}','normal','','','','0','n',0,'none','','all','',NULL,NULL,'','n','',NULL,0),
(2779,11,34,NULL,2778,'y',2779,'{\"en\":\"Field\",\"ru\":\"Поле\"}','normal','','','','1','n',0,'none','','all','',6,11,'','n','',NULL,0),
(2780,11,2313,NULL,2778,'y',2780,'{\"en\":\"Further \\/ JOINed field\",\"ru\":\"Поле по ключу\"}','normal','resources/images/icons/join.png','','','1','n',0,'none','','all','',6,11,'','n','',NULL,0),
(2781,11,2422,NULL,2776,'y',2781,'{\"en\":\"Access\",\"ru\":\"Доступ\"}','normal','','','','0','n',0,'none','','all','',NULL,NULL,'','n','',NULL,0),
(2782,11,2205,NULL,2781,'y',2782,'{\"en\":\"Roles\",\"ru\":\"Роли\"}','normal','','{\"en\":\"\",\"ru\":\"\"}','','1','n',0,'none','','all','',NULL,NULL,'','n','',NULL,0),
(2783,11,2206,NULL,2781,'y',2783,'{\"en\":\"Except\",\"ru\":\"Кроме\"}','normal','','','','1','n',0,'none','','all','',13,39,'','n','',NULL,0),
(2784,11,2618,NULL,NULL,'y',2784,'{\"en\":\"Features\",\"ru\":\"Функции\"}','normal','','','','0','n',0,'none','','all','',NULL,NULL,'','n','',NULL,0),
(2785,11,2423,NULL,2784,'y',2785,'{\"en\":\"Header\",\"ru\":\"Заголовок\"}','normal','','','','0','n',0,'none','','all','',NULL,NULL,'','n','',NULL,0),
(2786,11,2611,NULL,2785,'y',2786,'{\"en\":\"Icon\",\"ru\":\"Иконка\"}','normal','resources/images/icons/icon-image.png','','','1','n',0,'none','','all','',NULL,NULL,'','n','',NULL,0),
(2787,11,2308,NULL,2785,'y',2787,'{\"en\":\"Group\",\"ru\":\"Группа\"}','normal','','','','0','n',0,'none','','all','',NULL,NULL,'','n','',NULL,0),
(2788,11,2200,NULL,2785,'y',2788,'{\"en\":\"Tooltip\",\"ru\":\"Подсказка\"}','normal','resources/images/icons/btn-icon-tooltip.png','','','1','n',0,'none','','all','',NULL,NULL,'','n','',NULL,0),
(2789,11,1886,NULL,2785,'y',2789,'{\"en\":\"Rename\",\"ru\":\"Переименовать\"}','normal','resources/images/icons/btn-icon-rename.png','','','1','n',0,'none','','all','',NULL,NULL,'','n','',NULL,0),
(2790,11,2315,NULL,2785,'n',2790,'{\"en\":\"Width\",\"ru\":\"Ширина\"}','normal','','','','1','n',0,'none','','all','',NULL,NULL,'','n','',NULL,0),
(2791,11,2210,NULL,2784,'y',2791,'{\"en\":\"Cell editor\",\"ru\":\"Редактор\"}','normal','resources/images/icons/btn-icon-editor.png','','','0','n',0,'none','','all','',NULL,NULL,'','n','',NULL,0),
(2792,11,2614,NULL,2784,'y',2792,'{\"en\":\"Navigation\",\"ru\":\"Навигация\"}','normal','','','','0','n',0,'none','','all','',NULL,NULL,'','n','',NULL,0),
(2793,11,2615,NULL,2792,'y',2793,'{\"en\":\"Section\",\"ru\":\"Раздел\"}','normal','resources/images/icons/tree2.png','','','1','n',0,'none','','all','',NULL,NULL,'','n','',NULL,0),
(2794,11,2616,NULL,2792,'y',2794,'{\"en\":\"Action\",\"ru\":\"Действие\"}','normal','resources/images/icons/action.png','','','1','y',0,'none','','all','',NULL,NULL,'','n','',NULL,0),
(2795,11,2617,NULL,2792,'y',2795,'{\"en\":\"Arguments\",\"ru\":\"Аргументы\"}','normal','resources/images/icons/args.png','','','1','n',0,'none','','all','',NULL,NULL,'','n','',NULL,0),
(2796,11,2432,NULL,2784,'y',2796,'{\"en\":\"If cell changed, update the entire row\",\"ru\":\"При изменении ячейки обновлять всю строку\"}','normal','resources/images/icons/btn-icon-reload-affected.png','','','0','n',0,'none','','all','',NULL,NULL,'','n','',NULL,0),
(2797,11,2304,NULL,2784,'y',2802,'{\"en\":\"Summary\",\"ru\":\"Итого\"}','normal','','{\"en\":\"\",\"ru\":\"\"}','','1','n',0,'none','','all','',NULL,NULL,'','n','',NULL,0),
(2798,201,2620,NULL,NULL,'y',2798,'{\"en\":\"Navigation\",\"ru\":\"Навигация\"}','normal','','','','0','n',0,'none','','all','',NULL,NULL,'','n','',NULL,0),
(2799,201,2621,NULL,2798,'y',2799,'{\"en\":\"Section\",\"ru\":\"Раздел\"}','normal','resources/images/icons/tree2.png','','','1','n',0,'none','','all','',NULL,NULL,'','n','',NULL,0),
(2800,201,2622,NULL,2798,'y',2800,'{\"en\":\"Action\",\"ru\":\"Действие\"}','normal','resources/images/icons/action.png','','','1','y',0,'none','','all','',NULL,NULL,'','n','',NULL,0),
(2801,201,2623,NULL,2798,'y',2801,'{\"en\":\"Arguments\",\"ru\":\"Аргументы\"}','normal','resources/images/icons/args.png','','','1','n',0,'none','','all','',NULL,NULL,'','n','',NULL,0),
(2802,11,2628,NULL,2784,'y',2797,'{\"en\":\"Color\",\"ru\":\"Цвет\"}','normal','','','','0','n',0,'none','','all','',NULL,NULL,'','n','',NULL,0),
(2803,11,2629,NULL,2802,'y',2803,'{\"en\":\"Breakdown by level\",\"ru\":\"Разбивка по уровню\"}','normal','resources/images/icons/color-level.png','','','0','n',0,'none','','all','',NULL,NULL,'','n','',NULL,0),
(2804,11,2630,NULL,2802,'y',2804,'{\"en\":\"Manually defined\",\"ru\":\"Указан вручную\"}','normal','resources/images/icons/color-text.svg','','','1','y',0,'none','','all','',NULL,NULL,'','n','',NULL,0),
(2805,11,2631,NULL,2802,'y',2805,'{\"en\":\"External source\",\"ru\":\"Внешний источник\"}','normal','resources/images/icons/table-col.png','','','1','n',0,'none','','all','',6,11,'','n','',NULL,0),
(2806,11,2632,NULL,2802,'y',2806,'{\"en\":\"External record\",\"ru\":\"Внешняя запись\"}','normal','resources/images/icons/table-row.png','','','1','y',0,'none','','all','',NULL,NULL,'','n','',NULL,0),
(2807,7,2636,NULL,NULL,'y',2807,'{\"en\":\"Features\",\"ru\":\"Функции\"}','normal','','','','0','n',0,'none','','all','',NULL,NULL,'','n','',NULL,0),
(2808,7,2633,NULL,2807,'y',2648,'{\"en\":\"Row color\",\"ru\":\"Цвет\"}','normal','','{\"en\":\"Color\",\"ru\":\"\"}','','0','n',0,'none','','all','',NULL,NULL,'','n','',NULL,0),
(2809,7,2634,NULL,2808,'y',2809,'{\"en\":\"Field\",\"ru\":\"Поле\"}','normal','resources/images/icons/table-col.png','','','1','n',0,'none','','all','',6,11,'','n','',NULL,0),
(2810,7,2635,NULL,2808,'y',2810,'{\"en\":\"Further field\",\"ru\":\"Поле по ключу\"}','normal','resources/images/icons/join.png','','','1','n',0,'none','','all','',6,11,'','n','',NULL,0),
(2811,7,2638,NULL,2647,'y',2811,'{\"en\":\"Show ID column\",\"ru\":\"Показывать ID\"}','normal','resources/images/icons/id.png','','','0','n',0,'none','','all','',NULL,NULL,'','n','',NULL,0),
(2812,7,2640,NULL,2642,'y',2704,'{\"en\":\"For owners - only their records\",\"ru\":\"Владельцам - только свои записи\"}','normal','resources/images/icons/filter-key-red.png','','','0','n',0,'none','','all','',NULL,NULL,'','n','',NULL,0),
(2813,8,27,NULL,NULL,'y',2813,'{\"en\":\"Action\",\"ru\":\"Действие\"}','normal','','','','0','n',0,'none','','all','',NULL,NULL,'','n','',NULL,0),
(2814,8,2646,NULL,NULL,'y',2814,'{\"en\":\"Properties\",\"ru\":\"Свойства\"}','normal','','','','0','n',0,'none','','all','',NULL,NULL,'','n','',NULL,0),
(2815,8,29,NULL,2814,'y',2815,'{\"en\":\"Toggle\",\"ru\":\"Статус\"}','normal','resources/images/icons/btn-icon-toggle.png','','','0','n',0,'none','','all','',NULL,NULL,'','n','',NULL,0),
(2816,8,2641,NULL,2814,'y',2816,'{\"en\":\"Access\",\"ru\":\"Доступ\"}','normal','','','','0','n',0,'none','','all','',NULL,NULL,'','n','',NULL,0),
(2817,8,28,NULL,2816,'y',2817,'{\"en\":\"Roles\",\"ru\":\"Роли\"}','normal','','','','1','n',0,'none','','all','',13,39,'','n','',NULL,0),
(2818,8,2642,NULL,2816,'y',2818,'{\"en\":\"For owners - only their records\",\"ru\":\"Только для владельцев\"}','normal','resources/images/icons/filter-key-red.png','','','0','n',0,'none','','all','',NULL,NULL,'','n','',NULL,0),
(2819,8,2643,NULL,2816,'y',2819,'{\"en\":\"For which certain owner roles\",\"ru\":\"Для каких ролей владельцев\"}','normal','resources/images/icons/square-key-blue.png','','','1','n',0,'none','','all','',13,39,'','n','',NULL,0),
(2820,8,2639,NULL,NULL,'y',2820,'{\"en\":\"Properties\",\"ru\":\"Функции\"}','normal','','','','0','n',0,'none','','all','',NULL,NULL,'','n','',NULL,0),
(2821,8,2644,NULL,2820,'y',2821,'{\"en\":\"View\",\"ru\":\"Вид\"}','normal','','','','0','n',0,'none','','all','',NULL,NULL,'','n','',NULL,0),
(2822,8,27,2612,2821,'y',2822,'{\"en\":\"Action\",\"ru\":\"Действие\"}','normal','resources/images/icons/icon-image.png','','','0','n',0,'none','','all','',NULL,NULL,'','n','',NULL,0),
(2823,8,2209,NULL,2821,'y',2823,'{\"en\":\"Rename\",\"ru\":\"Переименовать\"}','normal','resources/images/icons/btn-icon-rename.png','','','1','n',0,'none','','all','',NULL,NULL,'','n','',NULL,0),
(2824,8,2645,NULL,2820,'y',2824,'{\"en\":\"Window\",\"ru\":\"Окно\"}','normal','','','','0','n',0,'none','','all','',NULL,NULL,'','n','',NULL,0),
(2825,8,2214,NULL,2824,'y',2825,'{\"en\":\"Autosize windows\",\"ru\":\"Автосайз окна\"}','normal','resources/images/icons/fit.png','','','0','n',0,'none','','all','',NULL,NULL,'','n','',NULL,0),
(2826,8,2212,NULL,2824,'y',2826,'{\"en\":\"South panel display mode\",\"ru\":\"Южная панель\"}','normal','resources/images/icons/south-green.png','{\"en\":\"\",\"ru\":\"ЮП\"}','{\"en\":\"\",\"ru\":\"Режим отображения южной панели\"}','0','n',0,'none','','all','',NULL,NULL,'','n','',NULL,0),
(2827,8,2386,NULL,2820,'y',2827,'{\"en\":\"Localization\",\"ru\":\"Мультиязычность\"}','normal','resources/images/icons/btn-icon-l10n.ico','','','0','n',0,'none','','all','',NULL,NULL,'','n','',NULL,0),
(2828,8,30,NULL,NULL,'y',2828,'{\"en\":\"Order\",\"ru\":\"Порядок\"}','normal','','','','0','n',0,'none','','all','',NULL,NULL,'','n','',NULL,0),
(2829,12,16,NULL,NULL,'y',2829,'{\"en\":\"Title\",\"ru\":\"Наименование\"}','normal','','','','0','n',0,'none','','all','',NULL,NULL,'','n','',NULL,0),
(2830,12,17,NULL,NULL,'y',2830,'{\"en\":\"Alias\",\"ru\":\"Псевдоним\"}','normal','','','','0','n',0,'none','','all','',NULL,NULL,'','n','',NULL,0),
(2831,12,2647,NULL,NULL,'y',2831,'{\"en\":\"Features\",\"ru\":\"Функции\"}','normal','','','','0','n',0,'none','','all','',NULL,NULL,'','n','',NULL,0),
(2832,12,2648,NULL,2831,'y',2832,'{\"en\":\"Box icon\",\"ru\":\"Иконка\"}','normal','resources/images/icons/icon-image.png','','','1','y',0,'none','','all','',NULL,NULL,'','n','',NULL,0),
(2833,12,2649,NULL,2831,'y',2833,'{\"en\":\"Box color\",\"ru\":\"Цвет бокса\"}','normal','resources/images/icons/box-color.png','','','1','y',0,'none','','all','',NULL,NULL,'','n','',NULL,0),
(2834,12,2650,NULL,2831,'y',2834,'{\"en\":\"Text color\",\"ru\":\"Цвет текста\"}','normal','resources/images/icons/color-text.svg','','','1','y',0,'none','','all','',NULL,NULL,'','n','',NULL,0),
(2835,12,377,NULL,NULL,'y',2835,'{\"en\":\"Order\",\"ru\":\"Порядок\"}','normal','','','','0','n',0,'none','','all','',NULL,NULL,'','n','',NULL,0),
(2839,390,2659,NULL,NULL,'y',2414,'{\"en\":\"HTTP hook\",\"ru\":\"HTTP-запрос\"}','normal','','','','1','n',0,'none','','all','',NULL,NULL,'','n','',NULL,0),
(2840,391,2660,NULL,2619,'y',2840,'{\"en\":\"ON DELETE\",\"ru\":\"ON DELETE\"}','normal','','','','1','n',0,'none','','all','',NULL,NULL,'','n','',NULL,0),
(2841,6,2660,NULL,2611,'y',2841,'{\"en\":\"ON DELETE\",\"ru\":\"ON DELETE\"}','normal','','','','1','n',0,'none','','all','',NULL,NULL,'','n','',NULL,0);

/*Table structure for table `lang` */

DROP TABLE IF EXISTS `lang`;

CREATE TABLE `lang` (
  `id` int NOT NULL AUTO_INCREMENT,
  `title` varchar(255) CHARACTER SET utf8mb4 COLLATE utf8mb4_unicode_ci NOT NULL DEFAULT '',
  `alias` varchar(255) CHARACTER SET utf8mb4 COLLATE utf8mb4_unicode_ci NOT NULL DEFAULT '',
  `toggle` enum('y','n') CHARACTER SET utf8mb4 COLLATE utf8mb4_unicode_ci NOT NULL DEFAULT 'y',
  `state` enum('noth','smth') CHARACTER SET utf8mb4 COLLATE utf8mb4_unicode_ci NOT NULL DEFAULT 'noth',
  `adminSystemUi` enum('n','qy','y','qn') CHARACTER SET utf8mb4 COLLATE utf8mb4_unicode_ci NOT NULL DEFAULT 'n',
  `adminSystemConst` enum('n','qy','y','qn') CHARACTER SET utf8mb4 COLLATE utf8mb4_unicode_ci NOT NULL DEFAULT 'n',
  `adminCustomUi` enum('n','qy','y','qn') CHARACTER SET utf8mb4 COLLATE utf8mb4_unicode_ci NOT NULL DEFAULT 'n',
  `adminCustomConst` enum('n','qy','y','qn') CHARACTER SET utf8mb4 COLLATE utf8mb4_unicode_ci NOT NULL DEFAULT 'n',
  `adminCustomData` enum('n','qy','y','qn') CHARACTER SET utf8mb4 COLLATE utf8mb4_unicode_ci NOT NULL DEFAULT 'n',
  `adminCustomTmpl` enum('n','qy','y','qn') CHARACTER SET utf8mb4 COLLATE utf8mb4_unicode_ci NOT NULL DEFAULT 'n',
  `move` int NOT NULL DEFAULT '0',
  PRIMARY KEY (`id`),
  KEY `toggle` (`toggle`),
  KEY `state` (`state`),
  KEY `adminSystemUi` (`adminSystemUi`),
  KEY `adminSystemConst` (`adminSystemConst`),
  KEY `adminCustomUi` (`adminCustomUi`),
  KEY `adminCustomConst` (`adminCustomConst`),
  KEY `adminCustomData` (`adminCustomData`),
  KEY `adminCustomTmpl` (`adminCustomTmpl`)
) ENGINE=InnoDB AUTO_INCREMENT=112 DEFAULT CHARSET=utf8mb4 COLLATE=utf8mb4_unicode_ci;

/*Data for the table `lang` */

insert  into `lang`(`id`,`title`,`alias`,`toggle`,`state`,`adminSystemUi`,`adminSystemConst`,`adminCustomUi`,`adminCustomConst`,`adminCustomData`,`adminCustomTmpl`,`move`) values 
(1,'Русский','ru','y','smth','y','y','n','n','n','n',2),
(2,'Engish','en','y','smth','y','y','y','y','y','y',1),
(3,'Afrikaans','af','n','noth','n','n','n','n','n','n',3),
(4,'Albanian','sq','n','noth','n','n','n','n','n','n',4),
(5,'Amharic','am','n','noth','n','n','n','n','n','n',5),
(6,'Arabic','ar','n','noth','n','n','n','n','n','n',6),
(7,'Armenian','hy','n','noth','n','n','n','n','n','n',7),
(8,'Azerbaijani','az','n','noth','n','n','n','n','n','n',8),
(9,'Basque','eu','n','noth','n','n','n','n','n','n',9),
(10,'Belarusian','be','n','noth','n','n','n','n','n','n',10),
(11,'Bengali','bn','n','noth','n','n','n','n','n','n',11),
(12,'Bosnian','bs','n','noth','n','n','n','n','n','n',12),
(13,'Bulgarian','bg','n','noth','n','n','n','n','n','n',13),
(14,'Catalan','ca','n','noth','n','n','n','n','n','n',14),
(15,'Cebuano','ceb','n','noth','n','n','n','n','n','n',15),
(16,'Chichewa','ny','n','noth','n','n','n','n','n','n',16),
(17,'Chinese (Simplified)','zh-CN','n','smth','n','y','n','n','n','n',17),
(18,'Chinese (Traditional)','zh-TW','n','noth','n','n','n','n','n','n',18),
(19,'Corsican','co','n','noth','n','n','n','n','n','n',19),
(20,'Croatian','hr','n','noth','n','n','n','n','n','n',20),
(21,'Czech','cs','n','noth','n','n','n','n','n','n',21),
(22,'Danish','da','n','noth','n','n','n','n','n','n',22),
(23,'Dutch','nl','n','noth','n','n','n','n','n','n',23),
(24,'Esperanto','eo','n','noth','n','n','n','n','n','n',24),
(25,'Estonian','et','n','noth','n','n','n','n','n','n',25),
(26,'Filipino','tl','n','noth','n','n','n','n','n','n',26),
(27,'Finnish','fi','n','noth','n','n','n','n','n','n',27),
(28,'French','fr','n','noth','n','n','n','n','n','n',28),
(29,'Frisian','fy','n','noth','n','n','n','n','n','n',29),
(30,'Galician','gl','n','noth','n','n','n','n','n','n',30),
(31,'Georgian','ka','n','noth','n','n','n','n','n','n',31),
(32,'German','de','n','smth','n','y','n','n','n','n',32),
(33,'Greek','el','n','noth','n','n','n','n','n','n',33),
(34,'Gujarati','gu','n','noth','n','n','n','n','n','n',34),
(35,'Haitian Creole','ht','n','noth','n','n','n','n','n','n',35),
(36,'Hausa','ha','n','noth','n','n','n','n','n','n',36),
(37,'Hawaiian','haw','n','noth','n','n','n','n','n','n',37),
(38,'Hebrew','iw','n','noth','n','n','n','n','n','n',38),
(39,'Hindi','hi','n','noth','n','n','n','n','n','n',39),
(40,'Hmong','hmn','n','noth','n','n','n','n','n','n',40),
(41,'Hungarian','hu','n','noth','n','n','n','n','n','n',41),
(42,'Icelandic','is','n','noth','n','n','n','n','n','n',42),
(43,'Igbo','ig','n','noth','n','n','n','n','n','n',43),
(44,'Indonesian','id','n','noth','n','n','n','n','n','n',44),
(45,'Irish','ga','n','noth','n','n','n','n','n','n',45),
(46,'Italian','it','n','noth','n','n','n','n','n','n',46),
(47,'Japanese','ja','n','smth','n','y','n','n','n','n',47),
(48,'Javanese','jw','n','noth','n','n','n','n','n','n',48),
(49,'Kannada','kn','n','noth','n','n','n','n','n','n',49),
(50,'Kazakh','kk','n','noth','n','n','n','n','n','n',50),
(51,'Khmer','km','n','noth','n','n','n','n','n','n',51),
(52,'Kinyarwanda','rw','n','noth','n','n','n','n','n','n',52),
(53,'Korean','ko','n','noth','n','n','n','n','n','n',53),
(54,'Kurdish (Kurmanji)','ku','n','noth','n','n','n','n','n','n',54),
(55,'Kyrgyz','ky','n','noth','n','n','n','n','n','n',55),
(56,'Lao','lo','n','noth','n','n','n','n','n','n',56),
(57,'Latin','la','n','noth','n','n','n','n','n','n',57),
(58,'Latvian','lv','n','noth','n','n','n','n','n','n',58),
(59,'Lithuanian','lt','n','noth','n','n','n','n','n','n',59),
(60,'Luxembourgish','lb','n','noth','n','n','n','n','n','n',60),
(61,'Macedonian','mk','n','noth','n','n','n','n','n','n',61),
(62,'Malagasy','mg','n','noth','n','n','n','n','n','n',62),
(63,'Malay','ms','n','noth','n','n','n','n','n','n',63),
(64,'Malayalam','ml','n','noth','n','n','n','n','n','n',64),
(65,'Maltese','mt','n','noth','n','n','n','n','n','n',65),
(66,'Maori','mi','n','noth','n','n','n','n','n','n',66),
(67,'Marathi','mr','n','noth','n','n','n','n','n','n',67),
(68,'Mongolian','mn','n','noth','n','n','n','n','n','n',68),
(69,'Myanmar (Burmese)','my','n','noth','n','n','n','n','n','n',69),
(70,'Nepali','ne','n','noth','n','n','n','n','n','n',70),
(71,'Norwegian','no','n','noth','n','n','n','n','n','n',71),
(72,'Odia (Oriya)','or','n','noth','n','n','n','n','n','n',72),
(73,'Pashto','ps','n','noth','n','n','n','n','n','n',73),
(74,'Persian','fa','n','noth','n','n','n','n','n','n',74),
(75,'Polish','pl','n','noth','n','n','n','n','n','n',75),
(76,'Portuguese','pt','n','noth','n','n','n','n','n','n',76),
(77,'Punjabi','pa','n','noth','n','n','n','n','n','n',77),
(78,'Romanian','ro','n','noth','n','n','n','n','n','n',78),
(79,'Samoan','sm','n','noth','n','n','n','n','n','n',79),
(80,'Scots Gaelic','gd','n','noth','n','n','n','n','n','n',80),
(81,'Serbian','sr','n','noth','n','n','n','n','n','n',81),
(82,'Sesotho','st','n','noth','n','n','n','n','n','n',82),
(83,'Shona','sn','n','noth','n','n','n','n','n','n',83),
(84,'Sindhi','sd','n','noth','n','n','n','n','n','n',84),
(85,'Sinhala','si','n','noth','n','n','n','n','n','n',85),
(86,'Slovak','sk','n','noth','n','n','n','n','n','n',86),
(87,'Slovenian','sl','n','noth','n','n','n','n','n','n',87),
(88,'Somali','so','n','noth','n','n','n','n','n','n',88),
(89,'Spanish','es','n','smth','n','y','n','n','n','n',89),
(90,'Sundanese','su','n','noth','n','n','n','n','n','n',90),
(91,'Swahili','sw','n','noth','n','n','n','n','n','n',91),
(92,'Swedish','sv','n','noth','n','n','n','n','n','n',92),
(93,'Tajik','tg','n','noth','n','n','n','n','n','n',93),
(94,'Tamil','ta','n','noth','n','n','n','n','n','n',94),
(95,'Tatar','tt','n','noth','n','n','n','n','n','n',95),
(96,'Telugu','te','n','noth','n','n','n','n','n','n',96),
(97,'Thai','th','n','smth','n','y','n','n','n','n',97),
(98,'Turkish','tr','n','noth','n','n','n','n','n','n',98),
(99,'Turkmen','tk','n','noth','n','n','n','n','n','n',99),
(100,'Ukrainian','uk','n','noth','n','n','n','n','n','n',100),
(101,'Urdu','ur','n','noth','n','n','n','n','n','n',101),
(102,'Uyghur','ug','n','noth','n','n','n','n','n','n',102),
(103,'Uzbek','uz','n','noth','n','n','n','n','n','n',103),
(104,'Vietnamese','vi','n','noth','n','n','n','n','n','n',104),
(105,'Welsh','cy','n','noth','n','n','n','n','n','n',105),
(106,'Xhosa','xh','n','noth','n','n','n','n','n','n',106),
(107,'Yiddish','yi','n','noth','n','n','n','n','n','n',107),
(108,'Yoruba','yo','n','noth','n','n','n','n','n','n',108),
(109,'Zulu','zu','n','noth','n','n','n','n','n','n',109),
(110,'Hebrew','he','n','noth','n','n','n','n','n','n',110),
(111,'Chinese (Simplified)','zh','n','noth','n','n','n','n','n','n',111);

/*Table structure for table `month` */

DROP TABLE IF EXISTS `month`;

CREATE TABLE `month` (
  `id` int NOT NULL AUTO_INCREMENT,
  `yearId` int DEFAULT NULL,
  `month` enum('01','02','03','04','05','06','07','08','09','10','11','12') CHARACTER SET utf8mb4 COLLATE utf8mb4_unicode_ci NOT NULL DEFAULT '01',
  `title` text CHARACTER SET utf8mb4 COLLATE utf8mb4_unicode_ci NOT NULL,
  `move` int NOT NULL DEFAULT '0',
  PRIMARY KEY (`id`),
  KEY `yearId` (`yearId`),
  KEY `month` (`month`),
  FULLTEXT KEY `title` (`title`),
  CONSTRAINT `month_ibfk_yearId` FOREIGN KEY (`yearId`) REFERENCES `year` (`id`) ON DELETE CASCADE ON UPDATE CASCADE
) ENGINE=InnoDB DEFAULT CHARSET=utf8mb4 COLLATE=utf8mb4_unicode_ci;

/*Data for the table `month` */

/*Table structure for table `notice` */

DROP TABLE IF EXISTS `notice`;

CREATE TABLE `notice` (
  `id` int NOT NULL AUTO_INCREMENT,
  `title` text CHARACTER SET utf8mb4 COLLATE utf8mb4_unicode_ci NOT NULL,
  `alias` varchar(255) CHARACTER SET utf8mb4 COLLATE utf8mb4_unicode_ci NOT NULL DEFAULT '',
  `fraction` enum('custom','system') CHARACTER SET utf8mb4 COLLATE utf8mb4_unicode_ci NOT NULL DEFAULT 'custom',
  `entityId` int DEFAULT NULL,
  `event` varchar(255) CHARACTER SET utf8mb4 COLLATE utf8mb4_unicode_ci NOT NULL DEFAULT '',
  `roleId` varchar(255) CHARACTER SET utf8mb4 COLLATE utf8mb4_unicode_ci NOT NULL DEFAULT '',
  `toggle` enum('y','n') CHARACTER SET utf8mb4 COLLATE utf8mb4_unicode_ci NOT NULL DEFAULT 'y',
  `qtySql` varchar(255) CHARACTER SET utf8mb4 COLLATE utf8mb4_unicode_ci NOT NULL DEFAULT '',
  `qtyDiffRelyOn` enum('event','getter') CHARACTER SET utf8mb4 COLLATE utf8mb4_unicode_ci NOT NULL DEFAULT 'event',
  `sectionId` varchar(255) CHARACTER SET utf8mb4 COLLATE utf8mb4_unicode_ci NOT NULL DEFAULT '',
  `bg` varchar(10) CHARACTER SET utf8mb4 COLLATE utf8mb4_unicode_ci NOT NULL DEFAULT '195#008dbc',
  `fg` varchar(10) CHARACTER SET utf8mb4 COLLATE utf8mb4_unicode_ci NOT NULL DEFAULT '000#ffffff',
  `tooltip` text CHARACTER SET utf8mb4 COLLATE utf8mb4_unicode_ci NOT NULL,
  `tplFor` enum('inc','dec','evt') CHARACTER SET utf8mb4 COLLATE utf8mb4_unicode_ci NOT NULL DEFAULT 'inc',
  `tplIncSubj` text CHARACTER SET utf8mb4 COLLATE utf8mb4_unicode_ci NOT NULL,
  `tplIncBody` text CHARACTER SET utf8mb4 COLLATE utf8mb4_unicode_ci NOT NULL,
  `tplDecSubj` text CHARACTER SET utf8mb4 COLLATE utf8mb4_unicode_ci NOT NULL,
  `tplDecBody` text CHARACTER SET utf8mb4 COLLATE utf8mb4_unicode_ci NOT NULL,
  `tplEvtSubj` text CHARACTER SET utf8mb4 COLLATE utf8mb4_unicode_ci NOT NULL,
  `tplEvtBody` text CHARACTER SET utf8mb4 COLLATE utf8mb4_unicode_ci NOT NULL,
  PRIMARY KEY (`id`),
  KEY `entityId` (`entityId`),
  KEY `profileId` (`roleId`(250)),
  KEY `toggle` (`toggle`),
  KEY `qtyDiffRelyOn` (`qtyDiffRelyOn`),
  KEY `sectionId` (`sectionId`(250)),
  KEY `tplFor` (`tplFor`),
  KEY `type` (`fraction`),
  FULLTEXT KEY `tooltip` (`tooltip`),
  FULLTEXT KEY `tplIncSubj` (`tplIncSubj`),
  FULLTEXT KEY `tplIncBody` (`tplIncBody`),
  FULLTEXT KEY `tplDecSubj` (`tplDecSubj`),
  FULLTEXT KEY `tplDecBody` (`tplDecBody`),
  FULLTEXT KEY `tplEvtSubj` (`tplEvtSubj`),
  FULLTEXT KEY `tplEvtBody` (`tplEvtBody`),
  FULLTEXT KEY `title` (`title`),
  CONSTRAINT `notice_ibfk_entityId` FOREIGN KEY (`entityId`) REFERENCES `entity` (`id`) ON DELETE CASCADE ON UPDATE CASCADE
) ENGINE=InnoDB AUTO_INCREMENT=4 DEFAULT CHARSET=utf8mb4 COLLATE=utf8mb4_unicode_ci;

/*Data for the table `notice` */

insert  into `notice`(`id`,`title`,`alias`,`fraction`,`entityId`,`event`,`roleId`,`toggle`,`qtySql`,`qtyDiffRelyOn`,`sectionId`,`bg`,`fg`,`tooltip`,`tplFor`,`tplIncSubj`,`tplIncBody`,`tplDecSubj`,`tplDecBody`,`tplEvtSubj`,`tplEvtBody`) values 
(1,'{\"en\":\"Queue failed\",\"ru\":\"Очередь задач прервана\"}','failed','system',314,'$this->queueState == \'error\'','1','y','`queueState` = \"error\"','event','','353#e3495a','000#ffffff','{\"en\":\"\"}','inc','','{\"en\":\"Queue task failed due to Google Cloud Translate API response: <?=$this->row->error?>\",\"ru\":\"Очередь задач прервана из-за ошибки Google Cloud Translate API response: <?=$this->row->error?>\"}','','','',''),
(2,'{\"en\":\"Queue started\",\"ru\":\"Очередь задач запущена\"}','started','system',314,'$this->procID != 0','1','y','`procID` != \"0\"','event','','195#008dbc','000#ffffff','','inc','','{\"en\":\"Queue task started with PID: <?=$this->row->procID?>\",\"ru\":\"Очередь задач запущена с PID: <?=$this->row->procID?>\"}','','','',''),
(3,'{\"en\":\"Queue resumed\",\"ru\":\"Очередь задач возобновлена\"}','resumed','system',314,'$this->affected(\"procID\", true)','1','y','`procID` != \"0\"','event','','195#008dbc','000#ffffff','','inc','','{\"en\":\"Queue task resumed with PID: <?=$this->row->procID?>\",\"ru\":\"Очередь задач возобновлена с PID: <?=$this->row->procID?>\"}','','','','');

/*Table structure for table `noticeGetter` */

DROP TABLE IF EXISTS `noticeGetter`;

CREATE TABLE `noticeGetter` (
  `id` int NOT NULL AUTO_INCREMENT,
  `toggle` enum('y','n') CHARACTER SET utf8mb4 COLLATE utf8mb4_unicode_ci NOT NULL DEFAULT 'y',
  `noticeId` int DEFAULT NULL,
  `roleId` int DEFAULT NULL,
  `criteriaRelyOn` enum('event','getter') CHARACTER SET utf8mb4 COLLATE utf8mb4_unicode_ci NOT NULL DEFAULT 'event',
  `criteriaEvt` varchar(255) CHARACTER SET utf8mb4 COLLATE utf8mb4_unicode_ci NOT NULL DEFAULT '',
  `criteriaInc` varchar(255) CHARACTER SET utf8mb4 COLLATE utf8mb4_unicode_ci NOT NULL DEFAULT '',
  `criteriaDec` varchar(255) CHARACTER SET utf8mb4 COLLATE utf8mb4_unicode_ci NOT NULL DEFAULT '',
  `title` text CHARACTER SET utf8mb4 COLLATE utf8mb4_unicode_ci NOT NULL,
  `http` varchar(255) CHARACTER SET utf8mb4 COLLATE utf8mb4_general_ci NOT NULL DEFAULT '',
  `email` enum('n','y') CHARACTER SET utf8mb4 COLLATE utf8mb4_unicode_ci NOT NULL DEFAULT 'n',
  `vk` enum('n','y') CHARACTER SET utf8mb4 COLLATE utf8mb4_unicode_ci NOT NULL DEFAULT 'n',
  `sms` enum('n','y') CHARACTER SET utf8mb4 COLLATE utf8mb4_unicode_ci NOT NULL DEFAULT 'n',
  PRIMARY KEY (`id`),
  KEY `noticeId` (`noticeId`),
  KEY `profileId` (`roleId`),
  KEY `criteriaRelyOn` (`criteriaRelyOn`),
  KEY `email` (`email`),
  KEY `vk` (`vk`),
  KEY `sms` (`sms`),
  KEY `toggle` (`toggle`),
  FULLTEXT KEY `title` (`title`),
  CONSTRAINT `noticeGetter_ibfk_noticeId` FOREIGN KEY (`noticeId`) REFERENCES `notice` (`id`) ON DELETE CASCADE ON UPDATE CASCADE,
  CONSTRAINT `noticeGetter_ibfk_roleId` FOREIGN KEY (`roleId`) REFERENCES `role` (`id`) ON DELETE CASCADE ON UPDATE CASCADE
) ENGINE=InnoDB AUTO_INCREMENT=4 DEFAULT CHARSET=utf8mb4 COLLATE=utf8mb4_unicode_ci;

/*Data for the table `noticeGetter` */

insert  into `noticeGetter`(`id`,`toggle`,`noticeId`,`roleId`,`criteriaRelyOn`,`criteriaEvt`,`criteriaInc`,`criteriaDec`,`title`,`http`,`email`,`vk`,`sms`) values 
(1,'y',1,1,'event','','','','{\"ru\":\"Разработчик\",\"en\":\"Developer\"}','/queueTask/run/id/{id}/gapikey/','n','n','n'),
(2,'y',2,1,'event','','','','{\"ru\":\"Разработчик\",\"en\":\"Developer\"}','','n','n','n'),
(3,'y',3,1,'event','','','','{\"en\":\"Developer\",\"ru\":\"Разработчик\"}','','n','n','n');

/*Table structure for table `param` */

DROP TABLE IF EXISTS `param`;

CREATE TABLE `param` (
  `id` int NOT NULL AUTO_INCREMENT,
  `fieldId` int DEFAULT NULL,
  `title` text CHARACTER SET utf8mb4 COLLATE utf8mb4_unicode_ci NOT NULL,
  `cfgField` int DEFAULT NULL,
  `cfgValue` text CHARACTER SET utf8mb4 COLLATE utf8mb4_unicode_ci NOT NULL,
  PRIMARY KEY (`id`),
  KEY `fieldId` (`fieldId`),
  KEY `cfgField` (`cfgField`),
  FULLTEXT KEY `cfgValue` (`cfgValue`),
  FULLTEXT KEY `title` (`title`),
  CONSTRAINT `param_ibfk_cfgField` FOREIGN KEY (`cfgField`) REFERENCES `field` (`id`) ON DELETE CASCADE ON UPDATE CASCADE,
  CONSTRAINT `param_ibfk_fieldId` FOREIGN KEY (`fieldId`) REFERENCES `field` (`id`) ON DELETE CASCADE ON UPDATE CASCADE
) ENGINE=InnoDB AUTO_INCREMENT=182 DEFAULT CHARSET=utf8mb4 COLLATE=utf8mb4_unicode_ci;

/*Data for the table `param` */

insert  into `param`(`id`,`fieldId`,`title`,`cfgField`,`cfgValue`) values 
(127,109,'{\"ru\":\"Единица измерения\",\"en\":\"Unit of measurement\"}',2462,'{\"ru\":\"px\",\"en\":\"px\"}'),
(128,110,'{\"ru\":\"Единица измерения\",\"en\":\"Unit of measurement\"}',2462,'{\"ru\":\"px\",\"en\":\"px\"}'),
(156,18,'{\"ru\":\"Группировка опций по столбцу\",\"en\":\"Group options by column\"}',2439,'1366'),
(159,12,'{\"ru\":\"Группировка опций по столбцу\",\"en\":\"Group options by column\"}',2439,'612'),
(160,19,'{\"ru\":\"Группировка опций по столбцу\",\"en\":\"Group options by column\"}',2439,'612'),
(161,2196,'{\"ru\":\"Группировка опций по столбцу\",\"en\":\"Group options by column\"}',2439,'2308'),
(162,2315,'{\"ru\":\"Единица измерения\",\"en\":\"Unit of measurement\"}',2462,'{\"ru\":\"px\",\"en\":\"px\"}'),
(163,2385,'{\"ru\":\"Плейсхолдер\",\"en\":\"Placeholder\"}',2438,'{\"ru\":\"Без изменений\",\"en\":\"Without changes\"}'),
(164,2401,'{\"ru\":\"Отображаемый формат времени\",\"en\":\"Time display format\"}',2463,'{\"ru\":\"H:i:s\",\"en\":\"H:i:s\"}'),
(166,1443,'{\"ru\":\"Дополнительно передавать параметры (в виде атрибутов)\",\"en\":\"Additionally pass fields (as html attributes)\"}',2440,'470'),
(167,34,'{\"ru\":\"Дополнительно передавать параметры (в виде атрибутов)\",\"en\":\"Additionally pass fields (as html attributes)\"}',2440,'470'),
(172,2401,'{\"ru\":\"Отображаемый формат даты\",\"en\":\"Date display format\"}',2464,'{\"ru\":\"Y-m-d\",\"en\":\"Y-m-d\"}'),
(173,6,'{\"ru\":\"Группировка опций по столбцу\",\"en\":\"Group options by column\",\"zh-CN\":\"Группировка опций по столбцу\"}',2439,'612'),
(178,2631,'{\"en\":\"Group options by column\",\"ru\":\"Группировка опций по столбцу\"}',2439,'6'),
(179,2655,'{\"en\":\"Input mask\",\"ru\":\"Маска\"}',2445,'{\"en\":\"+9 (999) 999-99-99\",\"ru\":\"+9 (999) 999-99-99\"}'),
(180,2402,'{\"ru\":\"Отображаемый формат времени\",\"en\":\"Display time format\"}',2463,'{\"en\":\"H:i:s\",\"ru\":\"H:i:s\"}'),
(181,2296,'{\"ru\":\"Отображаемый формат времени\",\"en\":\"Display time format\"}',2463,'{\"en\":\"H:i:s\",\"ru\":\"H:i:s\"}');

/*Table structure for table `queueChunk` */

DROP TABLE IF EXISTS `queueChunk`;

CREATE TABLE `queueChunk` (
  `id` int NOT NULL AUTO_INCREMENT,
  `queueTaskId` int DEFAULT NULL,
  `location` varchar(255) CHARACTER SET utf8mb4 COLLATE utf8mb4_unicode_ci NOT NULL DEFAULT '',
  `queueChunkId` int DEFAULT NULL,
  `fraction` enum('none','adminSystemUi','adminCustomUi','adminCustomData') CHARACTER SET utf8mb4 COLLATE utf8mb4_unicode_ci NOT NULL DEFAULT 'none',
  `where` text CHARACTER SET utf8mb4 COLLATE utf8mb4_unicode_ci NOT NULL,
  `countState` enum('waiting','progress','finished') CHARACTER SET utf8mb4 COLLATE utf8mb4_unicode_ci NOT NULL DEFAULT 'waiting',
  `countSize` int NOT NULL DEFAULT '0',
  `itemsState` enum('waiting','progress','finished') CHARACTER SET utf8mb4 COLLATE utf8mb4_unicode_ci NOT NULL DEFAULT 'waiting',
  `itemsSize` int NOT NULL DEFAULT '0',
  `queueState` enum('waiting','progress','finished','noneed') CHARACTER SET utf8mb4 COLLATE utf8mb4_unicode_ci NOT NULL DEFAULT 'waiting',
  `queueSize` int NOT NULL DEFAULT '0',
  `itemsBytes` int NOT NULL DEFAULT '0',
  `applyState` enum('waiting','progress','finished') CHARACTER SET utf8mb4 COLLATE utf8mb4_unicode_ci NOT NULL DEFAULT 'waiting',
  `applySize` int NOT NULL DEFAULT '0',
  `move` int NOT NULL DEFAULT '0',
  PRIMARY KEY (`id`),
  KEY `queueTaskId` (`queueTaskId`),
  KEY `countState` (`countState`),
  KEY `itemsState` (`itemsState`),
  KEY `queueState` (`queueState`),
  KEY `applyState` (`applyState`),
  KEY `queueChunkId` (`queueChunkId`),
  KEY `fraction` (`fraction`),
  FULLTEXT KEY `where` (`where`),
  CONSTRAINT `queueChunk_ibfk_queueChunkId` FOREIGN KEY (`queueChunkId`) REFERENCES `queueChunk` (`id`) ON DELETE CASCADE ON UPDATE CASCADE,
  CONSTRAINT `queueChunk_ibfk_queueTaskId` FOREIGN KEY (`queueTaskId`) REFERENCES `queueTask` (`id`) ON DELETE CASCADE ON UPDATE CASCADE
) ENGINE=InnoDB AUTO_INCREMENT=15796 DEFAULT CHARSET=utf8mb4 COLLATE=utf8mb4_unicode_ci;

/*Data for the table `queueChunk` */

/*Table structure for table `queueItem` */

DROP TABLE IF EXISTS `queueItem`;

CREATE TABLE `queueItem` (
  `id` int NOT NULL AUTO_INCREMENT,
  `queueTaskId` int DEFAULT NULL,
  `queueChunkId` int DEFAULT NULL,
  `target` varchar(255) CHARACTER SET utf8mb4 COLLATE utf8mb4_unicode_ci NOT NULL DEFAULT '',
  `value` text CHARACTER SET utf8mb4 COLLATE utf8mb4_unicode_ci NOT NULL,
  `result` text CHARACTER SET utf8mb4 COLLATE utf8mb4_unicode_ci NOT NULL,
  `stage` enum('items','queue','apply') CHARACTER SET utf8mb4 COLLATE utf8mb4_unicode_ci NOT NULL DEFAULT 'items',
  PRIMARY KEY (`id`),
  KEY `queueTaskId` (`queueTaskId`),
  KEY `queueChunkId` (`queueChunkId`),
  KEY `stage` (`stage`),
  FULLTEXT KEY `value` (`value`),
  FULLTEXT KEY `result` (`result`),
  CONSTRAINT `queueItem_ibfk_queueChunkId` FOREIGN KEY (`queueChunkId`) REFERENCES `queueChunk` (`id`) ON DELETE CASCADE ON UPDATE CASCADE,
  CONSTRAINT `queueItem_ibfk_queueTaskId` FOREIGN KEY (`queueTaskId`) REFERENCES `queueTask` (`id`) ON DELETE CASCADE ON UPDATE CASCADE
) ENGINE=InnoDB AUTO_INCREMENT=208828 DEFAULT CHARSET=utf8mb4 COLLATE=utf8mb4_unicode_ci;

/*Data for the table `queueItem` */

/*Table structure for table `queueTask` */

DROP TABLE IF EXISTS `queueTask`;

CREATE TABLE `queueTask` (
  `id` int NOT NULL AUTO_INCREMENT,
  `title` varchar(255) CHARACTER SET utf8mb4 COLLATE utf8mb4_unicode_ci NOT NULL DEFAULT '',
  `datetime` datetime NOT NULL DEFAULT '0000-00-00 00:00:00',
  `params` text CHARACTER SET utf8mb4 COLLATE utf8mb4_unicode_ci NOT NULL,
  `chunk` int NOT NULL DEFAULT '0',
  `procSince` datetime NOT NULL DEFAULT '0000-00-00 00:00:00',
  `procID` int NOT NULL DEFAULT '0',
  `stage` enum('count','items','queue','apply') CHARACTER SET utf8mb4 COLLATE utf8mb4_unicode_ci NOT NULL DEFAULT 'count',
  `state` enum('waiting','progress','finished') CHARACTER SET utf8mb4 COLLATE utf8mb4_unicode_ci NOT NULL DEFAULT 'waiting',
  `stageState` text CHARACTER SET utf8mb4 COLLATE utf8mb4_unicode_ci NOT NULL,
  `countState` enum('waiting','progress','finished') CHARACTER SET utf8mb4 COLLATE utf8mb4_unicode_ci NOT NULL DEFAULT 'waiting',
  `countSize` int NOT NULL DEFAULT '0',
  `itemsState` enum('waiting','progress','finished') CHARACTER SET utf8mb4 COLLATE utf8mb4_unicode_ci NOT NULL DEFAULT 'waiting',
  `itemsSize` int NOT NULL DEFAULT '0',
  `itemsBytes` int NOT NULL DEFAULT '0',
  `queueState` enum('waiting','progress','finished','noneed','error') CHARACTER SET utf8mb4 COLLATE utf8mb4_unicode_ci NOT NULL DEFAULT 'waiting',
  `queueSize` int NOT NULL DEFAULT '0',
  `applyState` enum('waiting','progress','finished') CHARACTER SET utf8mb4 COLLATE utf8mb4_unicode_ci NOT NULL DEFAULT 'waiting',
  `applySize` int NOT NULL DEFAULT '0',
  `error` text CHARACTER SET utf8mb4 COLLATE utf8mb4_unicode_ci NOT NULL,
  PRIMARY KEY (`id`),
  KEY `stage` (`stage`),
  KEY `state` (`state`),
  KEY `countState` (`countState`),
  KEY `itemsState` (`itemsState`),
  KEY `queueState` (`queueState`),
  KEY `applyState` (`applyState`),
  FULLTEXT KEY `params` (`params`),
  FULLTEXT KEY `stageState` (`stageState`),
  FULLTEXT KEY `error` (`error`)
) ENGINE=InnoDB AUTO_INCREMENT=654 DEFAULT CHARSET=utf8mb4 COLLATE=utf8mb4_unicode_ci;

/*Data for the table `queueTask` */

/*Table structure for table `realtime` */

DROP TABLE IF EXISTS `realtime`;

CREATE TABLE `realtime` (
  `id` int NOT NULL AUTO_INCREMENT,
  `realtimeId` int DEFAULT NULL,
  `type` enum('session','channel','context') CHARACTER SET utf8mb4 COLLATE utf8mb4_unicode_ci NOT NULL DEFAULT 'session',
  `roleId` int DEFAULT NULL,
  `adminId` int NOT NULL DEFAULT '0',
  `token` varchar(255) CHARACTER SET utf8mb4 COLLATE utf8mb4_unicode_ci NOT NULL DEFAULT '',
  `spaceSince` datetime NOT NULL DEFAULT '0000-00-00 00:00:00',
  `spaceUntil` datetime NOT NULL DEFAULT '0000-00-00 00:00:00',
  `spaceFrame` int NOT NULL DEFAULT '0',
  `langId` int DEFAULT NULL,
  `sectionId` int DEFAULT NULL,
  `entityId` int DEFAULT NULL,
  `entries` text CHARACTER SET utf8mb4 COLLATE utf8mb4_unicode_ci NOT NULL,
  `fields` text CHARACTER SET utf8mb4 COLLATE utf8mb4_unicode_ci NOT NULL,
  `title` text CHARACTER SET utf8mb4 COLLATE utf8mb4_unicode_ci NOT NULL,
  `mode` enum('none','rowset','row') CHARACTER SET utf8mb4 COLLATE utf8mb4_unicode_ci NOT NULL DEFAULT 'none',
  `scope` text CHARACTER SET utf8mb4 COLLATE utf8mb4_unicode_ci NOT NULL,
  PRIMARY KEY (`id`),
  KEY `realtimeId` (`realtimeId`),
  KEY `type` (`type`),
  KEY `profileId` (`roleId`),
  KEY `adminId` (`adminId`),
  KEY `langId` (`langId`),
  KEY `sectionId` (`sectionId`),
  KEY `entityId` (`entityId`),
  KEY `mode` (`mode`),
  FULLTEXT KEY `fields` (`fields`),
  FULLTEXT KEY `scope` (`scope`),
  FULLTEXT KEY `title` (`title`),
  FULLTEXT KEY `entries` (`entries`),
  CONSTRAINT `realtime_ibfk_entityId` FOREIGN KEY (`entityId`) REFERENCES `entity` (`id`) ON DELETE CASCADE ON UPDATE CASCADE,
  CONSTRAINT `realtime_ibfk_langId` FOREIGN KEY (`langId`) REFERENCES `lang` (`id`) ON DELETE CASCADE ON UPDATE CASCADE,
  CONSTRAINT `realtime_ibfk_realtimeId` FOREIGN KEY (`realtimeId`) REFERENCES `realtime` (`id`) ON DELETE CASCADE ON UPDATE CASCADE,
  CONSTRAINT `realtime_ibfk_roleId` FOREIGN KEY (`roleId`) REFERENCES `role` (`id`) ON DELETE CASCADE ON UPDATE CASCADE,
  CONSTRAINT `realtime_ibfk_sectionId` FOREIGN KEY (`sectionId`) REFERENCES `section` (`id`) ON DELETE CASCADE ON UPDATE CASCADE
) ENGINE=InnoDB AUTO_INCREMENT=4553 DEFAULT CHARSET=utf8mb4 COLLATE=utf8mb4_unicode_ci;

/*Data for the table `realtime` */

/*Table structure for table `resize` */

DROP TABLE IF EXISTS `resize`;

CREATE TABLE `resize` (
  `id` int NOT NULL AUTO_INCREMENT,
  `fieldId` int DEFAULT NULL,
  `alias` varchar(255) CHARACTER SET utf8mb4 COLLATE utf8mb4_unicode_ci NOT NULL DEFAULT '',
  `width` int NOT NULL DEFAULT '0',
  `height` int NOT NULL DEFAULT '0',
  `mode` enum('both','width','height','auto') CHARACTER SET utf8mb4 COLLATE utf8mb4_unicode_ci NOT NULL DEFAULT 'both',
  `note` text CHARACTER SET utf8mb4 COLLATE utf8mb4_unicode_ci NOT NULL,
  PRIMARY KEY (`id`),
  KEY `fieldId` (`fieldId`),
  KEY `mode` (`mode`),
  FULLTEXT KEY `title` (`note`),
  CONSTRAINT `resize_ibfk_fieldId` FOREIGN KEY (`fieldId`) REFERENCES `field` (`id`) ON DELETE CASCADE ON UPDATE CASCADE
) ENGINE=InnoDB AUTO_INCREMENT=162 DEFAULT CHARSET=utf8mb4 COLLATE=utf8mb4_unicode_ci;

/*Data for the table `resize` */

/*Table structure for table `role` */

DROP TABLE IF EXISTS `role`;

CREATE TABLE `role` (
  `id` int NOT NULL AUTO_INCREMENT,
  `title` text CHARACTER SET utf8mb4 COLLATE utf8mb4_unicode_ci NOT NULL,
  `fraction` enum('custom','system') CHARACTER SET utf8mb4 COLLATE utf8mb4_unicode_ci NOT NULL DEFAULT 'custom',
  `alias` varchar(255) CHARACTER SET utf8mb4 COLLATE utf8mb4_unicode_ci NOT NULL DEFAULT '',
  `toggle` enum('y','n') CHARACTER SET utf8mb4 COLLATE utf8mb4_unicode_ci NOT NULL DEFAULT 'y',
  `entityId` int DEFAULT NULL,
  `dashboard` varchar(255) CHARACTER SET utf8mb4 COLLATE utf8mb4_unicode_ci NOT NULL DEFAULT '',
  `move` int NOT NULL DEFAULT '0',
  `maxWindows` int NOT NULL DEFAULT '15',
  `demo` enum('n','y') CHARACTER SET utf8mb4 COLLATE utf8mb4_unicode_ci NOT NULL DEFAULT 'n',
  PRIMARY KEY (`id`),
  KEY `toggle` (`toggle`),
  KEY `entityId` (`entityId`),
  KEY `demo` (`demo`),
  KEY `type` (`fraction`),
  FULLTEXT KEY `title` (`title`),
  CONSTRAINT `role_ibfk_entityId` FOREIGN KEY (`entityId`) REFERENCES `entity` (`id`) ON DELETE RESTRICT ON UPDATE CASCADE
) ENGINE=InnoDB AUTO_INCREMENT=23 DEFAULT CHARSET=utf8mb4 COLLATE=utf8mb4_unicode_ci;

/*Data for the table `role` */

insert  into `role`(`id`,`title`,`fraction`,`alias`,`toggle`,`entityId`,`dashboard`,`move`,`maxWindows`,`demo`) values 
(1,'{\"ru\":\"Разработчик\",\"en\":\"Developer\"}','system','dev','y',11,'',1,15,'n'),
(12,'{\"ru\":\"Администратор\",\"en\":\"Admin\"}','custom','admin','y',11,'',12,15,'n');

/*Table structure for table `section` */

DROP TABLE IF EXISTS `section`;

CREATE TABLE `section` (
  `id` int NOT NULL AUTO_INCREMENT,
  `title` text CHARACTER SET utf8mb4 COLLATE utf8mb4_unicode_ci NOT NULL,
  `alias` varchar(255) CHARACTER SET utf8mb4 COLLATE utf8mb4_unicode_ci NOT NULL DEFAULT '',
  `toggle` enum('y','n','h') CHARACTER SET utf8mb4 COLLATE utf8mb4_unicode_ci NOT NULL DEFAULT 'y',
  `fraction` enum('system','custom','public') CHARACTER SET utf8mb4 COLLATE utf8mb4_unicode_ci NOT NULL DEFAULT 'custom',
  `sectionId` int DEFAULT NULL,
  `expand` enum('all','only','except','none') CHARACTER SET utf8mb4 COLLATE utf8mb4_unicode_ci NOT NULL DEFAULT 'all',
  `expandRoles` varchar(255) CHARACTER SET utf8mb4 COLLATE utf8mb4_unicode_ci NOT NULL DEFAULT '',
  `extendsJs` varchar(255) CHARACTER SET utf8mb4 COLLATE utf8mb4_unicode_ci NOT NULL DEFAULT 'Indi.lib.controller.Controller',
  `extendsPhp` varchar(255) CHARACTER SET utf8mb4 COLLATE utf8mb4_unicode_ci NOT NULL DEFAULT 'Indi_Controller_Admin',
  `entityId` int DEFAULT NULL,
  `parentSectionConnector` int DEFAULT NULL,
  `move` int NOT NULL DEFAULT '0',
  `disableAdd` enum('0','1') CHARACTER SET utf8mb4 COLLATE utf8mb4_unicode_ci NOT NULL DEFAULT '0',
  `filter` varchar(255) CHARACTER SET utf8mb4 COLLATE utf8mb4_unicode_ci NOT NULL DEFAULT '',
  `filterOwner` enum('no','yes','certain') CHARACTER SET utf8mb4 COLLATE utf8mb4_unicode_ci NOT NULL DEFAULT 'no',
  `rowsetSeparate` enum('auto','yes','no') CHARACTER SET utf8mb4 COLLATE utf8mb4_unicode_ci NOT NULL DEFAULT 'auto',
  `defaultSortField` int DEFAULT NULL,
  `defaultSortDirection` enum('ASC','DESC') CHARACTER SET utf8mb4 COLLATE utf8mb4_unicode_ci NOT NULL DEFAULT 'ASC',
  `rowsOnPage` int NOT NULL DEFAULT '25',
  `multiSelect` enum('0','1') CHARACTER SET utf8mb4 COLLATE utf8mb4_unicode_ci NOT NULL DEFAULT '0',
  `rownumberer` enum('0','1') CHARACTER SET utf8mb4 COLLATE utf8mb4_unicode_ci NOT NULL DEFAULT '0',
  `groupBy` int DEFAULT NULL,
  `showID` enum('n','y') CHARACTER SET utf8mb4 COLLATE utf8mb4_unicode_ci NOT NULL DEFAULT 'n',
  `tileField` int DEFAULT NULL,
  `tileThumb` int DEFAULT NULL,
  `roleIds` varchar(255) CHARACTER SET utf8mb4 COLLATE utf8mb4_unicode_ci NOT NULL DEFAULT '',
  `help` text CHARACTER SET utf8mb4 COLLATE utf8mb4_unicode_ci NOT NULL,
  `colorField` int DEFAULT NULL,
  `colorFurther` int DEFAULT NULL,
  PRIMARY KEY (`id`),
  KEY `sectionId` (`sectionId`),
  KEY `entityId` (`entityId`),
  KEY `toggle` (`toggle`),
  KEY `defaultSortField` (`defaultSortField`),
  KEY `defaultSortDirection` (`defaultSortDirection`),
  KEY `type` (`fraction`),
  KEY `parentSectionConnector` (`parentSectionConnector`),
  KEY `groupBy` (`groupBy`),
  KEY `rowsetSeparate` (`rowsetSeparate`),
  KEY `expand` (`expand`),
  KEY `expandRoles` (`expandRoles`(250)),
  KEY `roleIds` (`roleIds`(250)),
  KEY `tileField` (`tileField`),
  KEY `tileThumb` (`tileThumb`),
  KEY `disableAdd` (`disableAdd`),
  KEY `multiSelect` (`multiSelect`),
  KEY `rownumberer` (`rownumberer`),
  KEY `colorField` (`colorField`),
  KEY `colorFurther` (`colorFurther`),
  KEY `showID` (`showID`),
  KEY `filterOwner` (`filterOwner`),
  FULLTEXT KEY `title` (`title`),
  FULLTEXT KEY `help` (`help`),
  CONSTRAINT `section_ibfk_colorField` FOREIGN KEY (`colorField`) REFERENCES `field` (`id`) ON DELETE SET NULL ON UPDATE CASCADE,
  CONSTRAINT `section_ibfk_colorFurther` FOREIGN KEY (`colorFurther`) REFERENCES `field` (`id`) ON DELETE SET NULL ON UPDATE CASCADE,
  CONSTRAINT `section_ibfk_defaultSortField` FOREIGN KEY (`defaultSortField`) REFERENCES `field` (`id`) ON DELETE SET NULL ON UPDATE CASCADE,
  CONSTRAINT `section_ibfk_entityId` FOREIGN KEY (`entityId`) REFERENCES `entity` (`id`) ON DELETE CASCADE ON UPDATE CASCADE,
  CONSTRAINT `section_ibfk_groupBy` FOREIGN KEY (`groupBy`) REFERENCES `field` (`id`) ON DELETE SET NULL ON UPDATE CASCADE,
  CONSTRAINT `section_ibfk_parentSectionConnector` FOREIGN KEY (`parentSectionConnector`) REFERENCES `field` (`id`) ON DELETE RESTRICT ON UPDATE CASCADE,
  CONSTRAINT `section_ibfk_sectionId` FOREIGN KEY (`sectionId`) REFERENCES `section` (`id`) ON DELETE CASCADE ON UPDATE CASCADE,
  CONSTRAINT `section_ibfk_tileField` FOREIGN KEY (`tileField`) REFERENCES `field` (`id`) ON DELETE SET NULL ON UPDATE CASCADE,
  CONSTRAINT `section_ibfk_tileThumb` FOREIGN KEY (`tileThumb`) REFERENCES `resize` (`id`) ON DELETE SET NULL ON UPDATE CASCADE
) ENGINE=InnoDB AUTO_INCREMENT=416 DEFAULT CHARSET=utf8mb4 COLLATE=utf8mb4_unicode_ci;

/*Data for the table `section` */

insert  into `section`(`id`,`title`,`alias`,`toggle`,`fraction`,`sectionId`,`expand`,`expandRoles`,`extendsJs`,`extendsPhp`,`entityId`,`parentSectionConnector`,`move`,`disableAdd`,`filter`,`filterOwner`,`rowsetSeparate`,`defaultSortField`,`defaultSortDirection`,`rowsOnPage`,`multiSelect`,`rownumberer`,`groupBy`,`showID`,`tileField`,`tileThumb`,`roleIds`,`help`,`colorField`,`colorFurther`) values 
(1,'{\"ru\":\"Конфигурация\",\"en\":\"Configuration\"}','configuration','y','system',NULL,'all','','Indi.lib.controller.Controller','Indi_Controller_Admin',NULL,NULL,403,'0','','no','auto',NULL,'ASC',25,'0','0',NULL,'n',NULL,NULL,'','{\"ru\":\"\",\"en\":\"\"}',NULL,NULL),
(2,'{\"ru\":\"Столбцы\",\"en\":\"Columns\"}','columnTypes','y','system',1,'all','','Indi.lib.controller.Controller','Indi_Controller_Admin_Exportable',1,NULL,6,'0','','no','auto',NULL,'ASC',25,'0','0',NULL,'n',NULL,NULL,'1','{\"ru\":\"\",\"en\":\"\"}',NULL,NULL),
(5,'{\"ru\":\"Сущности\",\"en\":\"Entities\"}','entities','y','system',1,'all','','Indi.lib.controller.Controller','Indi_Controller_Admin_Exportable',2,NULL,4,'0','','no','auto',4,'ASC',50,'1','0',NULL,'n',NULL,NULL,'1','{\"ru\":\"\",\"en\":\"\"}',NULL,NULL),
(6,'{\"ru\":\"Поля в структуре\",\"en\":\"Fields in structure\"}','fields','y','system',5,'all','','Indi.lib.controller.Field','Indi_Controller_Admin_Field',5,NULL,7,'0','`entry` = \"0\"','no','no',14,'ASC',100,'1','0',NULL,'n',NULL,NULL,'1','{\"ru\":\"\",\"en\":\"\"}',NULL,NULL),
(7,'{\"ru\":\"Разделы\",\"en\":\"Sections\"}','sections','y','system',1,'all','','Indi.lib.controller.Controller','Indi_Controller_Admin_Exportable',3,NULL,2,'0','','no','auto',23,'ASC',50,'1','0',NULL,'n',NULL,NULL,'1','{\"ru\":\"\",\"en\":\"\"}',NULL,NULL),
(8,'{\"ru\":\"Действия\",\"en\":\"Actions\"}','sectionActions','y','system',7,'all','','Indi.lib.controller.Controller','Indi_Controller_Admin_Multinew',8,NULL,8,'0','','no','no',30,'ASC',25,'1','0',NULL,'n',NULL,NULL,'1','{\"ru\":\"\",\"en\":\"\"}',NULL,NULL),
(10,'{\"ru\":\"Действия\",\"en\":\"Actions\"}','actions','y','system',1,'all','','Indi.lib.controller.Controller','Indi_Controller_Admin_Exportable',7,NULL,9,'0','','no','auto',NULL,'ASC',25,'1','0',NULL,'n',NULL,NULL,'1','{\"ru\":\"\",\"en\":\"\"}',NULL,NULL),
(11,'{\"ru\":\"Столбцы грида\",\"en\":\"Grid columns\"}','grid','y','system',7,'all','','Indi.lib.controller.Controller','Indi_Controller_Admin_Multinew',9,NULL,10,'0','','no','no',35,'ASC',25,'1','0',2308,'n',NULL,NULL,'1','{\"ru\":\"\",\"en\":\"\"}',NULL,NULL),
(12,'{\"ru\":\"Возможные значения\",\"en\":\"Possible values\"}','enumset','y','system',6,'all','','Indi.lib.controller.Controller','Indi_Controller_Admin_Exportable',6,NULL,11,'0','','no','no',377,'ASC',25,'1','0',NULL,'n',NULL,NULL,'1','{\"ru\":\"\",\"en\":\"\"}',NULL,NULL),
(13,'{\"ru\":\"Роли\",\"en\":\"Roles\"}','role','y','system',1,'all','','Indi.lib.controller.Controller','Indi_Controller_Admin_Exportable',10,NULL,5,'0','','no','auto',2132,'ASC',25,'0','0',NULL,'n',NULL,NULL,'1','{\"ru\":\"\",\"en\":\"\"}',NULL,NULL),
(14,'{\"ru\":\"Пользователи\",\"en\":\"Users\"}','admins','y','system',13,'all','','Indi.lib.controller.Controller','Indi_Controller_Admin_Exportable',11,NULL,13,'0','','no','no',NULL,'ASC',25,'0','0',NULL,'n',NULL,NULL,'1','{\"ru\":\"\",\"en\":\"\"}',NULL,NULL),
(16,'{\"ru\":\"Элементы\",\"en\":\"Form elements\"}','controlElements','y','system',1,'all','','Indi.lib.controller.Controller','Indi_Controller_Admin_Exportable',4,NULL,14,'0','','no','auto',NULL,'ASC',25,'0','0',NULL,'n',NULL,NULL,'1','{\"ru\":\"\",\"en\":\"\"}',NULL,NULL),
(22,'{\"ru\":\"Копии изображения\",\"en\":\"Resized copies\"}','resize','y','system',6,'all','','Indi.lib.controller.Controller','Indi_Controller_Admin_Exportable',20,NULL,19,'0','','no','no',NULL,'ASC',25,'0','0',NULL,'n',NULL,NULL,'1','{\"ru\":\"\",\"en\":\"\"}',NULL,NULL),
(101,'{\"ru\":\"Параметры\",\"en\":\"Settings\"}','params','y','system',6,'all','','Indi.lib.controller.Controller','Indi_Controller_Admin_CfgValue',91,NULL,91,'0','','no','no',NULL,'ASC',25,'0','0',NULL,'n',NULL,NULL,'1','{\"ru\":\"\",\"en\":\"\"}',NULL,NULL),
(201,'{\"ru\":\"Измененные поля\",\"en\":\"Adjusted fields\"}','alteredFields','y','system',7,'all','','Indi.lib.controller.Controller','Indi_Controller_Admin_Multinew',171,NULL,188,'0','','no','no',1342,'ASC',25,'1','0',NULL,'n',NULL,NULL,'1','{\"ru\":\"\",\"en\":\"\"}',NULL,NULL),
(224,'{\"ru\":\"Фильтры\",\"en\":\"Filters\"}','filter','y','system',7,'all','','Indi.lib.controller.Controller','Indi_Controller_Admin_Multinew',195,NULL,192,'0','','no','no',1444,'ASC',25,'1','0',NULL,'n',NULL,NULL,'1','{\"ru\":\"\",\"en\":\"\"}',NULL,NULL),
(387,'{\"ru\":\"Языки\",\"en\":\"Languages\"}','lang','y','system',1,'all','','Indi.lib.controller.Controller','Indi_Controller_Admin',307,NULL,387,'0','','no','auto',2335,'ASC',25,'1','0',2325,'n',NULL,NULL,'1','{\"ru\":\"\",\"en\":\"\"}',NULL,NULL),
(388,'{\"ru\":\"Зависимости\",\"en\":\"Dependencies\"}','consider','y','system',6,'all','','Indi.lib.controller.Controller','Indi_Controller_Admin_Exportable',308,NULL,388,'0','','no','no',NULL,'ASC',25,'0','0',NULL,'n',NULL,NULL,'1','{\"ru\":\"\",\"en\":\"\"}',NULL,NULL),
(389,'{\"ru\":\"Уведомления\",\"en\":\"Notifications\"}','notices','y','system',1,'all','','Indi.lib.controller.Controller','Indi_Controller_Admin_Exportable',309,NULL,389,'0','','no','auto',2254,'ASC',25,'1','0',NULL,'n',NULL,NULL,'1','{\"ru\":\"\",\"en\":\"\"}',NULL,NULL),
(390,'{\"ru\":\"Получатели\",\"en\":\"Recipients\"}','noticeGetters','y','system',389,'all','','Indi.lib.controller.Controller','Indi_Controller_Admin',310,NULL,390,'0','','no','auto',2275,'ASC',25,'0','0',NULL,'n',NULL,NULL,'1','{\"ru\":\"\",\"en\":\"\"}',NULL,NULL),
(391,'{\"ru\":\"Все поля\",\"en\":\"All fields\"}','fieldsAll','y','system',1,'all','','Indi.lib.controller.Field','Indi_Controller_Admin_Field',5,NULL,391,'1','`entry` = \"0\"','no','auto',14,'ASC',25,'0','0',6,'n',NULL,NULL,'1','{\"ru\":\"\",\"en\":\"\"}',NULL,NULL),
(392,'{\"ru\":\"Очереди задач\",\"en\":\"Queue tasks\"}','queueTask','y','system',1,'all','','Indi.lib.controller.Controller','Indi_Controller_Admin',314,NULL,392,'1','','no','auto',2337,'DESC',25,'1','0',NULL,'n',NULL,NULL,'1','{\"ru\":\"\",\"en\":\"\"}',NULL,NULL),
(393,'{\"ru\":\"Сегменты очереди\",\"en\":\"Queue chunks\"}','queueChunk','y','system',392,'all','','Indi.lib.controller.Controller','Indi_Controller_Admin',315,NULL,393,'1','','no','no',2379,'ASC',25,'0','1',2381,'n',NULL,NULL,'1','{\"ru\":\"\",\"en\":\"\"}',NULL,NULL),
(394,'{\"ru\":\"Элементы очереди\",\"en\":\"Queue items\"}','queueItem','y','system',393,'all','','Indi.lib.controller.Controller','Indi_Controller_Admin',316,NULL,394,'1','','no','auto',NULL,'ASC',25,'0','0',NULL,'n',NULL,NULL,'1','{\"ru\":\"\",\"en\":\"\"}',NULL,NULL),
(396,'{\"ru\":\"Рилтайм\",\"en\":\"Realtime\"}','realtime','y','system',1,'all','','Indi.lib.controller.Controller','Indi_Controller_Admin',318,NULL,396,'0','','no','auto',2401,'ASC',25,'1','0',2399,'n',NULL,NULL,'1','{\"ru\":\"\",\"en\":\"\"}',NULL,NULL),
(403,'{\"ru\":\"Database\",\"en\":\"Database\"}','db','y','custom',NULL,'all','','Indi.lib.controller.Controller','Indi_Controller_Admin',NULL,NULL,408,'0','','no','auto',NULL,'ASC',25,'0','0',NULL,'n',NULL,NULL,'12,1','{\"ru\":\"\",\"en\":\"\"}',NULL,NULL),
(405,'{\"ru\":\"Возможные настройки\",\"en\":\"Possible params\"}','elementCfgField','y','system',16,'all','','Indi.lib.controller.Field','Indi_Controller_Admin_CfgField',5,2435,405,'0','','no','no',14,'ASC',100,'1','0',NULL,'n',NULL,NULL,'1','{\"ru\":\"\",\"en\":\"\"}',NULL,NULL),
(406,'{\"ru\":\"Возможные значения\",\"en\":\"Possible values\"}','elementCfgFieldEnumset','y','system',405,'all','','Indi.lib.controller.Controller','Indi_Controller_Admin_Exportable',6,NULL,406,'0','','no','no',377,'ASC',25,'0','0',NULL,'n',NULL,NULL,'1','{\"ru\":\"\",\"en\":\"\"}',NULL,NULL),
(407,'{\"ru\":\"Все параметры\",\"en\":\"All params\"}','paramsAll','y','system',1,'all','','Indi.lib.controller.Controller','Indi_Controller_Admin_CfgValue',91,NULL,407,'0','','no','auto',NULL,'ASC',25,'0','0',NULL,'n',NULL,NULL,'1','{\"ru\":\"\",\"en\":\"\"}',NULL,NULL);

/*Table structure for table `section2action` */

DROP TABLE IF EXISTS `section2action`;

CREATE TABLE `section2action` (
  `id` int NOT NULL AUTO_INCREMENT,
  `sectionId` int DEFAULT NULL,
  `actionId` int DEFAULT NULL,
  `toggle` enum('y','n') CHARACTER SET utf8mb4 COLLATE utf8mb4_unicode_ci NOT NULL DEFAULT 'y',
  `roleIds` varchar(255) CHARACTER SET utf8mb4 COLLATE utf8mb4_unicode_ci NOT NULL DEFAULT '14',
  `filterOwner` enum('no','yes','certain') CHARACTER SET utf8mb4 COLLATE utf8mb4_unicode_ci NOT NULL DEFAULT 'no',
  `filterOwnerRoleIds` varchar(255) CHARACTER SET utf8 COLLATE utf8_general_ci NOT NULL DEFAULT '',
  `move` int NOT NULL DEFAULT '0',
  `title` text CHARACTER SET utf8mb4 COLLATE utf8mb4_unicode_ci NOT NULL,
  `south` enum('auto','yes','no') CHARACTER SET utf8mb4 COLLATE utf8mb4_unicode_ci NOT NULL DEFAULT 'auto',
  `fitWindow` enum('y','n') CHARACTER SET utf8mb4 COLLATE utf8mb4_unicode_ci NOT NULL DEFAULT 'y',
  `rename` text CHARACTER SET utf8mb4 COLLATE utf8mb4_unicode_ci NOT NULL,
  `l10n` enum('n','qy','y','qn') CHARACTER SET utf8mb4 COLLATE utf8mb4_unicode_ci NOT NULL DEFAULT 'n',
  PRIMARY KEY (`id`),
  KEY `sectionId` (`sectionId`),
  KEY `sectionId_2` (`sectionId`),
  KEY `actionId` (`actionId`),
  KEY `profileIds` (`roleIds`(250)),
  KEY `toggle` (`toggle`),
  KEY `south` (`south`),
  KEY `fitWindow` (`fitWindow`),
  KEY `l10n` (`l10n`),
  KEY `filterOwner` (`filterOwner`),
  KEY `filterOwnerRoleIds` (`filterOwnerRoleIds`),
  FULLTEXT KEY `title` (`title`),
  FULLTEXT KEY `rename` (`rename`),
  CONSTRAINT `section2action_ibfk_actionId` FOREIGN KEY (`actionId`) REFERENCES `action` (`id`) ON DELETE CASCADE ON UPDATE CASCADE,
  CONSTRAINT `section2action_ibfk_sectionId` FOREIGN KEY (`sectionId`) REFERENCES `section` (`id`) ON DELETE CASCADE ON UPDATE CASCADE
) ENGINE=InnoDB AUTO_INCREMENT=1694 DEFAULT CHARSET=utf8mb4 COLLATE=utf8mb4_unicode_ci;

/*Data for the table `section2action` */

insert  into `section2action`(`id`,`sectionId`,`actionId`,`toggle`,`roleIds`,`filterOwner`,`filterOwnerRoleIds`,`move`,`title`,`south`,`fitWindow`,`rename`,`l10n`) values 
(1,2,1,'y','1','no','',1,'{\"ru\":\"Список\",\"en\":\"List\"}','auto','y','{\"ru\":\"\",\"en\":\"\"}','n'),
(2,2,2,'y','1','no','',2,'{\"ru\":\"Детали\",\"en\":\"Details\"}','auto','y','{\"ru\":\"\",\"en\":\"\"}','n'),
(3,2,3,'y','1','no','',3,'{\"ru\":\"Сохранить\",\"en\":\"Save\"}','auto','y','{\"ru\":\"\",\"en\":\"\"}','n'),
(5,2,4,'n','1','no','',5,'{\"ru\":\"Удалить\",\"en\":\"Delete\"}','auto','y','{\"ru\":\"\",\"en\":\"\"}','n'),
(6,5,1,'y','1','no','',6,'{\"ru\":\"Список\",\"en\":\"List\"}','auto','y','{\"ru\":\"\",\"en\":\"\"}','n'),
(7,5,2,'y','1','no','',7,'{\"ru\":\"Детали\",\"en\":\"Details\"}','auto','y','{\"ru\":\"\",\"en\":\"\"}','n'),
(8,5,3,'y','1','no','',8,'{\"ru\":\"Сохранить\",\"en\":\"Save\"}','auto','y','{\"ru\":\"\",\"en\":\"\"}','n'),
(9,5,4,'y','1','no','',9,'{\"ru\":\"Удалить\",\"en\":\"Delete\"}','auto','y','{\"ru\":\"\",\"en\":\"\"}','n'),
(10,6,1,'y','1','no','',10,'{\"ru\":\"Список\",\"en\":\"List\"}','auto','y','{\"ru\":\"\",\"en\":\"\"}','n'),
(11,6,2,'y','1','no','',11,'{\"ru\":\"Детали\",\"en\":\"Details\"}','auto','y','{\"ru\":\"\",\"en\":\"\"}','n'),
(12,6,3,'y','1','no','',12,'{\"ru\":\"Сохранить\",\"en\":\"Save\"}','auto','y','{\"ru\":\"\",\"en\":\"\"}','n'),
(13,6,4,'y','1','no','',13,'{\"ru\":\"Удалить\",\"en\":\"Delete\"}','auto','y','{\"ru\":\"\",\"en\":\"\"}','n'),
(14,7,1,'y','1','no','',14,'{\"ru\":\"Список\",\"en\":\"List\"}','auto','y','{\"ru\":\"\",\"en\":\"\"}','n'),
(15,7,2,'y','1','no','',15,'{\"ru\":\"Детали\",\"en\":\"Details\"}','auto','y','{\"ru\":\"\",\"en\":\"\"}','n'),
(16,7,3,'y','1','no','',16,'{\"ru\":\"Сохранить\",\"en\":\"Save\"}','auto','y','{\"ru\":\"\",\"en\":\"\"}','n'),
(17,7,4,'y','1','no','',17,'{\"ru\":\"Удалить\",\"en\":\"Delete\"}','auto','y','{\"ru\":\"\",\"en\":\"\"}','n'),
(18,6,5,'y','1','no','',18,'{\"ru\":\"Выше\",\"en\":\"Move up\"}','auto','y','{\"ru\":\"\",\"en\":\"\"}','n'),
(19,6,6,'y','1','no','',19,'{\"ru\":\"Ниже\",\"en\":\"Move down\"}','auto','y','{\"ru\":\"\",\"en\":\"\"}','n'),
(20,8,1,'y','1','no','',20,'{\"ru\":\"Список\",\"en\":\"List\"}','auto','y','{\"ru\":\"\",\"en\":\"\"}','n'),
(21,8,2,'y','1','no','',21,'{\"ru\":\"Детали\",\"en\":\"Details\"}','auto','y','{\"ru\":\"\",\"en\":\"\"}','n'),
(22,8,3,'y','1','no','',22,'{\"ru\":\"Сохранить\",\"en\":\"Save\"}','auto','y','{\"ru\":\"\",\"en\":\"\"}','n'),
(23,8,4,'y','1','no','',23,'{\"ru\":\"Удалить\",\"en\":\"Delete\"}','auto','y','{\"ru\":\"\",\"en\":\"\"}','n'),
(24,8,5,'y','1','no','',24,'{\"ru\":\"Выше\",\"en\":\"Move up\"}','auto','y','{\"ru\":\"\",\"en\":\"\"}','n'),
(25,8,6,'y','1','no','',25,'{\"ru\":\"Ниже\",\"en\":\"Move down\"}','auto','y','{\"ru\":\"\",\"en\":\"\"}','n'),
(26,7,5,'y','1','no','',26,'{\"ru\":\"Выше\",\"en\":\"Move up\"}','auto','y','{\"ru\":\"\",\"en\":\"\"}','n'),
(27,7,6,'y','1','no','',27,'{\"ru\":\"Ниже\",\"en\":\"Move down\"}','auto','y','{\"ru\":\"\",\"en\":\"\"}','n'),
(28,10,1,'y','1','no','',28,'{\"ru\":\"Список\",\"en\":\"List\"}','auto','y','{\"ru\":\"\",\"en\":\"\"}','n'),
(29,10,2,'y','1','no','',29,'{\"ru\":\"Детали\",\"en\":\"Details\"}','auto','y','{\"ru\":\"\",\"en\":\"\"}','n'),
(30,10,3,'y','1','no','',30,'{\"ru\":\"Сохранить\",\"en\":\"Save\"}','auto','y','{\"ru\":\"\",\"en\":\"\"}','n'),
(32,11,1,'y','1','no','',31,'{\"ru\":\"Список\",\"en\":\"List\"}','auto','y','{\"ru\":\"\",\"en\":\"\"}','n'),
(33,11,2,'y','1','no','',32,'{\"ru\":\"Детали\",\"en\":\"Details\"}','auto','y','{\"ru\":\"\",\"en\":\"\"}','n'),
(34,11,3,'y','1','no','',33,'{\"ru\":\"Сохранить\",\"en\":\"Save\"}','auto','y','{\"ru\":\"\",\"en\":\"\"}','n'),
(35,11,4,'y','1','no','',34,'{\"ru\":\"Удалить\",\"en\":\"Delete\"}','auto','y','{\"ru\":\"\",\"en\":\"\"}','n'),
(36,11,5,'y','1','no','',35,'{\"ru\":\"Выше\",\"en\":\"Move up\"}','auto','y','{\"ru\":\"\",\"en\":\"\"}','n'),
(37,11,6,'y','1','no','',36,'{\"ru\":\"Ниже\",\"en\":\"Move down\"}','auto','y','{\"ru\":\"\",\"en\":\"\"}','n'),
(38,13,1,'y','1','no','',37,'{\"ru\":\"Список\",\"en\":\"List\"}','auto','y','{\"ru\":\"\",\"en\":\"\"}','n'),
(39,13,2,'y','1','no','',38,'{\"ru\":\"Детали\",\"en\":\"Details\"}','no','y','{\"ru\":\"\",\"en\":\"\"}','n'),
(40,13,3,'y','1','no','',39,'{\"ru\":\"Сохранить\",\"en\":\"Save\"}','auto','y','{\"ru\":\"\",\"en\":\"\"}','n'),
(41,12,1,'y','1','no','',40,'{\"ru\":\"Список\",\"en\":\"List\"}','auto','y','{\"ru\":\"\",\"en\":\"\"}','n'),
(42,12,2,'y','1','no','',41,'{\"ru\":\"Детали\",\"en\":\"Details\"}','auto','y','{\"ru\":\"\",\"en\":\"\"}','n'),
(43,12,3,'y','1','no','',42,'{\"ru\":\"Сохранить\",\"en\":\"Save\"}','auto','y','{\"ru\":\"\",\"en\":\"\"}','n'),
(44,12,4,'y','1','no','',43,'{\"ru\":\"Удалить\",\"en\":\"Delete\"}','auto','y','{\"ru\":\"\",\"en\":\"\"}','n'),
(45,14,1,'y','1','no','',44,'{\"ru\":\"Список\",\"en\":\"List\"}','auto','y','{\"ru\":\"\",\"en\":\"\"}','n'),
(46,14,2,'y','1','no','',45,'{\"ru\":\"Детали\",\"en\":\"Details\"}','auto','y','{\"ru\":\"\",\"en\":\"\"}','n'),
(47,14,3,'y','1','no','',46,'{\"ru\":\"Сохранить\",\"en\":\"Save\"}','auto','y','{\"ru\":\"\",\"en\":\"\"}','n'),
(48,14,4,'y','1','no','',47,'{\"ru\":\"Удалить\",\"en\":\"Delete\"}','auto','y','{\"ru\":\"\",\"en\":\"\"}','n'),
(52,16,1,'y','1','no','',51,'{\"ru\":\"Список\",\"en\":\"List\"}','auto','y','{\"ru\":\"\",\"en\":\"\"}','n'),
(53,16,2,'y','1','no','',52,'{\"ru\":\"Детали\",\"en\":\"Details\"}','auto','y','{\"ru\":\"\",\"en\":\"\"}','n'),
(54,16,3,'y','1','no','',598,'{\"ru\":\"Сохранить\",\"en\":\"Save\"}','auto','y','{\"ru\":\"\",\"en\":\"\"}','n'),
(67,7,7,'y','1','no','',58,'{\"ru\":\"Статус\",\"en\":\"Toggle\"}','auto','y','{\"ru\":\"\",\"en\":\"\"}','n'),
(68,10,7,'y','1','no','',59,'{\"ru\":\"Статус\",\"en\":\"Toggle\"}','auto','y','{\"ru\":\"\",\"en\":\"\"}','n'),
(69,11,7,'y','1','no','',60,'{\"ru\":\"Статус\",\"en\":\"Toggle\"}','auto','y','{\"ru\":\"\",\"en\":\"\"}','n'),
(74,22,1,'y','1','no','',65,'{\"ru\":\"Список\",\"en\":\"List\"}','auto','y','{\"ru\":\"\",\"en\":\"\"}','n'),
(75,22,2,'y','1','no','',66,'{\"ru\":\"Детали\",\"en\":\"Details\"}','auto','y','{\"ru\":\"\",\"en\":\"\"}','n'),
(76,22,3,'y','1','no','',67,'{\"ru\":\"Сохранить\",\"en\":\"Save\"}','auto','y','{\"ru\":\"\",\"en\":\"\"}','n'),
(77,22,4,'y','1','no','',68,'{\"ru\":\"Удалить\",\"en\":\"Delete\"}','auto','y','{\"ru\":\"\",\"en\":\"\"}','n'),
(329,12,5,'y','1','no','',299,'{\"ru\":\"Выше\",\"en\":\"Move up\"}','auto','y','{\"ru\":\"\",\"en\":\"\"}','n'),
(330,12,6,'y','1','no','',300,'{\"ru\":\"Ниже\",\"en\":\"Move down\"}','auto','y','{\"ru\":\"\",\"en\":\"\"}','n'),
(377,101,1,'y','1','no','',347,'{\"ru\":\"Список\",\"en\":\"List\"}','auto','y','{\"ru\":\"\",\"en\":\"\"}','n'),
(378,101,2,'y','1','no','',348,'{\"ru\":\"Детали\",\"en\":\"Details\"}','auto','y','{\"ru\":\"\",\"en\":\"\"}','n'),
(379,101,3,'y','1','no','',349,'{\"ru\":\"Сохранить\",\"en\":\"Save\"}','auto','y','{\"ru\":\"\",\"en\":\"\"}','n'),
(380,101,4,'y','1','no','',350,'{\"ru\":\"Удалить\",\"en\":\"Delete\"}','auto','y','{\"ru\":\"\",\"en\":\"\"}','n'),
(789,201,1,'y','1','no','',583,'{\"ru\":\"Список\",\"en\":\"List\"}','auto','y','{\"ru\":\"\",\"en\":\"\"}','n'),
(790,201,2,'y','1','no','',584,'{\"ru\":\"Детали\",\"en\":\"Details\"}','auto','y','{\"ru\":\"\",\"en\":\"\"}','n'),
(791,201,3,'y','1','no','',585,'{\"ru\":\"Сохранить\",\"en\":\"Save\"}','auto','y','{\"ru\":\"\",\"en\":\"\"}','n'),
(792,201,4,'y','1','no','',586,'{\"ru\":\"Удалить\",\"en\":\"Delete\"}','auto','y','{\"ru\":\"\",\"en\":\"\"}','n'),
(806,10,4,'y','1','no','',587,'{\"ru\":\"Удалить\",\"en\":\"Delete\"}','auto','y','{\"ru\":\"\",\"en\":\"\"}','n'),
(808,13,4,'y','1','no','',589,'{\"ru\":\"Удалить\",\"en\":\"Delete\"}','auto','y','{\"ru\":\"\",\"en\":\"\"}','n'),
(833,16,4,'n','1','no','',1650,'{\"ru\":\"Удалить\",\"en\":\"Delete\"}','auto','y','{\"ru\":\"\",\"en\":\"\"}','n'),
(875,224,1,'y','1','no','',608,'{\"ru\":\"Список\",\"en\":\"List\"}','auto','y','{\"ru\":\"\",\"en\":\"\"}','n'),
(876,224,2,'y','1','no','',609,'{\"ru\":\"Детали\",\"en\":\"Details\"}','auto','y','{\"ru\":\"\",\"en\":\"\"}','n'),
(877,224,4,'y','1','no','',611,'{\"ru\":\"Удалить\",\"en\":\"Delete\"}','auto','y','{\"ru\":\"\",\"en\":\"\"}','n'),
(878,224,3,'y','1','no','',610,'{\"ru\":\"Сохранить\",\"en\":\"Save\"}','auto','y','{\"ru\":\"\",\"en\":\"\"}','n'),
(879,224,5,'y','1','no','',612,'{\"ru\":\"Выше\",\"en\":\"Move up\"}','auto','y','{\"ru\":\"\",\"en\":\"\"}','n'),
(880,224,6,'y','1','no','',613,'{\"ru\":\"Ниже\",\"en\":\"Move down\"}','auto','y','{\"ru\":\"\",\"en\":\"\"}','n'),
(881,224,7,'y','1','no','',614,'{\"ru\":\"Статус\",\"en\":\"Toggle\"}','auto','y','{\"ru\":\"\",\"en\":\"\"}','n'),
(1268,8,7,'y','1','no','',1268,'{\"ru\":\"Статус\",\"en\":\"Toggle\"}','auto','y','{\"ru\":\"\",\"en\":\"\"}','n'),
(1295,13,5,'y','1','no','',1291,'{\"ru\":\"Выше\",\"en\":\"Move up\"}','auto','y','{\"ru\":\"\",\"en\":\"\"}','n'),
(1296,13,6,'y','1','no','',1292,'{\"ru\":\"Ниже\",\"en\":\"Move down\"}','auto','y','{\"ru\":\"\",\"en\":\"\"}','n'),
(1522,14,7,'y','1','no','',1293,'{\"ru\":\"Статус\",\"en\":\"Toggle\"}','auto','y','{\"ru\":\"\",\"en\":\"\"}','n'),
(1545,13,7,'y','1','no','',1545,'{\"ru\":\"Статус\",\"en\":\"Toggle\"}','auto','y','{\"ru\":\"\",\"en\":\"\"}','n'),
(1547,5,34,'y','1','no','',1559,'{\"ru\":\"PHP\",\"en\":\"PHP\"}','auto','y','{\"ru\":\"\",\"en\":\"Create PHP-model files\"}','n'),
(1548,7,34,'y','1','no','',1548,'{\"ru\":\"PHP\",\"en\":\"PHP\"}','auto','y','{\"en\":\"Create PHP-controller file\",\"ru\":\"Создать файл PHP-контроллера\"}','n'),
(1549,7,35,'y','1','no','',1549,'{\"ru\":\"JS\",\"en\":\"JS\"}','auto','y','{\"en\":\"Create JS-controller file\",\"ru\":\"Создать файл JS-контроллера\"}','n'),
(1559,5,7,'y','1','no','',607,'{\"ru\":\"Статус\",\"en\":\"Toggle\"}','auto','y','{\"ru\":\"\",\"en\":\"Create Toggle-field\"}','n'),
(1560,387,1,'y','1','no','',1560,'{\"ru\":\"Список\",\"en\":\"List\"}','auto','y','{\"ru\":\"\",\"en\":\"\"}','n'),
(1561,387,2,'n','1','no','',1561,'{\"ru\":\"Детали\",\"en\":\"Details\"}','auto','y','{\"ru\":\"\",\"en\":\"\"}','n'),
(1562,387,3,'y','1','no','',1562,'{\"ru\":\"Сохранить\",\"en\":\"Save\"}','auto','y','{\"ru\":\"\",\"en\":\"\"}','n'),
(1563,387,4,'n','1','no','',1563,'{\"ru\":\"Удалить\",\"en\":\"Delete\"}','auto','y','{\"ru\":\"\",\"en\":\"\"}','n'),
(1564,388,1,'y','1','no','',1564,'{\"ru\":\"Список\",\"en\":\"List\"}','auto','y','{\"ru\":\"\",\"en\":\"\"}','n'),
(1565,388,2,'y','1','no','',1565,'{\"ru\":\"Детали\",\"en\":\"Details\"}','auto','y','{\"ru\":\"\",\"en\":\"\"}','n'),
(1566,388,3,'y','1','no','',1566,'{\"ru\":\"Сохранить\",\"en\":\"Save\"}','auto','y','{\"ru\":\"\",\"en\":\"\"}','n'),
(1567,388,4,'y','1','no','',1567,'{\"ru\":\"Удалить\",\"en\":\"Delete\"}','auto','y','{\"ru\":\"\",\"en\":\"\"}','n'),
(1568,7,36,'y','1','no','',1568,'{\"ru\":\"Экспорт\",\"en\":\"Export\"}','auto','y','{\"en\":\"Export as PHP-code\",\"ru\":\"Экспортировать как PHP-код\"}','n'),
(1569,5,36,'y','1','no','',1569,'{\"ru\":\"Экспорт\",\"en\":\"Export\"}','auto','y','{\"en\":\"Export as PHP-code\",\"ru\":\"Экспортировать как PHP-код\"}','n'),
(1570,389,1,'y','1','no','',1570,'{\"ru\":\"Список\",\"en\":\"List\"}','auto','y','{\"ru\":\"\",\"en\":\"\"}','n'),
(1571,389,2,'y','1','no','',1571,'{\"ru\":\"Детали\",\"en\":\"Details\"}','auto','y','{\"ru\":\"\",\"en\":\"\"}','n'),
(1572,389,3,'y','1','no','',1572,'{\"ru\":\"Сохранить\",\"en\":\"Save\"}','auto','y','{\"ru\":\"\",\"en\":\"\"}','n'),
(1573,389,4,'y','1','no','',1573,'{\"ru\":\"Удалить\",\"en\":\"Delete\"}','auto','y','{\"ru\":\"\",\"en\":\"\"}','n'),
(1574,389,7,'y','1','no','',1574,'{\"ru\":\"Статус\",\"en\":\"Toggle\"}','auto','y','{\"ru\":\"\",\"en\":\"\"}','n'),
(1575,390,1,'y','1','no','',1575,'{\"ru\":\"Список\",\"en\":\"List\"}','auto','y','{\"ru\":\"\",\"en\":\"\"}','n'),
(1576,390,2,'y','1','no','',1576,'{\"ru\":\"Детали\",\"en\":\"Details\"}','auto','y','{\"ru\":\"\",\"en\":\"\"}','n'),
(1577,390,3,'y','1','no','',1577,'{\"ru\":\"Сохранить\",\"en\":\"Save\"}','auto','y','{\"ru\":\"\",\"en\":\"\"}','n'),
(1578,390,4,'y','1','no','',1578,'{\"ru\":\"Удалить\",\"en\":\"Delete\"}','auto','y','{\"ru\":\"\",\"en\":\"\"}','n'),
(1579,391,1,'y','1','no','',1579,'{\"ru\":\"Список\",\"en\":\"List\"}','auto','y','{\"ru\":\"\",\"en\":\"\"}','n'),
(1580,391,2,'y','1','no','',1580,'{\"ru\":\"Детали\",\"en\":\"Details\"}','auto','y','{\"ru\":\"\",\"en\":\"\"}','n'),
(1581,391,3,'y','1','no','',1582,'{\"ru\":\"Сохранить\",\"en\":\"Save\"}','auto','y','{\"ru\":\"\",\"en\":\"\"}','n'),
(1582,6,39,'y','1','no','',1581,'{\"ru\":\"Активировать\",\"en\":\"Activate\"}','auto','y','{\"ru\":\"Выбрать режим\",\"en\":\"Select mode\"}','n'),
(1583,8,36,'y','1','no','',1583,'{\"ru\":\"Экспорт\",\"en\":\"Export\"}','auto','y','{\"en\":\"Export as PHP-code\",\"ru\":\"Экспортировать как PHP-код\"}','n'),
(1584,11,36,'y','1','no','',1584,'{\"ru\":\"Экспорт\",\"en\":\"Export\"}','auto','y','{\"en\":\"Export as PHP-code\",\"ru\":\"Экспортировать как PHP-код\"}','n'),
(1585,201,36,'y','1','no','',1585,'{\"ru\":\"Экспорт\",\"en\":\"Export\"}','auto','y','{\"en\":\"Export as PHP-code\",\"ru\":\"Экспортировать как PHP-код\"}','n'),
(1586,224,36,'y','1','no','',1586,'{\"ru\":\"Экспорт\",\"en\":\"Export\"}','auto','y','{\"en\":\"Export as PHP-code\",\"ru\":\"Экспортировать как PHP-код\"}','n'),
(1587,6,36,'y','1','no','',1587,'{\"ru\":\"Экспорт\",\"en\":\"Export\"}','auto','y','{\"en\":\"Export as PHP-code\",\"ru\":\"Экспортировать как PHP-код\"}','n'),
(1588,12,36,'y','1','no','',1588,'{\"ru\":\"Экспорт\",\"en\":\"Export\"}','auto','y','{\"en\":\"Export as PHP-code\",\"ru\":\"Экспортировать как PHP-код\"}','n'),
(1589,22,36,'y','1','no','',1589,'{\"ru\":\"Экспорт\",\"en\":\"Export\"}','auto','y','{\"en\":\"Export as PHP-code\",\"ru\":\"Экспортировать как PHP-код\"}','n'),
(1590,101,36,'y','1','no','',1590,'{\"ru\":\"Экспорт\",\"en\":\"Export\"}','auto','y','{\"en\":\"Export as PHP-code\",\"ru\":\"Экспортировать как PHP-код\"}','n'),
(1591,388,36,'y','1','no','',1591,'{\"ru\":\"Экспорт\",\"en\":\"Export\"}','auto','y','{\"en\":\"Export as PHP-code\",\"ru\":\"Экспортировать как PHP-код\"}','n'),
(1592,387,5,'y','1','no','',1592,'{\"ru\":\"Выше\",\"en\":\"Move up\"}','auto','y','{\"ru\":\"\",\"en\":\"\"}','n'),
(1593,387,6,'y','1','no','',1593,'{\"ru\":\"Ниже\",\"en\":\"Move down\"}','auto','y','{\"ru\":\"\",\"en\":\"\"}','n'),
(1594,387,40,'y','1','no','',1647,'{\"ru\":\"Доступные языки\",\"en\":\"Available languages\"}','auto','y','{\"ru\":\"\",\"en\":\"\"}','n'),
(1595,392,1,'y','1','no','',1595,'{\"ru\":\"Список\",\"en\":\"List\"}','auto','y','{\"ru\":\"\",\"en\":\"\"}','n'),
(1596,392,2,'y','1','no','',1596,'{\"ru\":\"Детали\",\"en\":\"Details\"}','auto','y','{\"ru\":\"\",\"en\":\"\"}','n'),
(1597,392,4,'y','1','no','',1597,'{\"ru\":\"Удалить\",\"en\":\"Delete\"}','auto','y','{\"ru\":\"\",\"en\":\"\"}','n'),
(1598,392,41,'y','1','no','',1598,'{\"ru\":\"Запустить\",\"en\":\"Run\"}','auto','y','{\"ru\":\"\",\"en\":\"\"}','n'),
(1599,393,1,'y','1','no','',1599,'{\"ru\":\"Список\",\"en\":\"List\"}','auto','y','{\"ru\":\"\",\"en\":\"\"}','n'),
(1600,393,2,'y','1','no','',1600,'{\"ru\":\"Детали\",\"en\":\"Details\"}','auto','y','{\"ru\":\"\",\"en\":\"\"}','n'),
(1601,394,1,'y','1','no','',1601,'{\"ru\":\"Список\",\"en\":\"List\"}','auto','y','{\"ru\":\"\",\"en\":\"\"}','n'),
(1602,394,3,'y','1','no','',1602,'{\"ru\":\"Сохранить\",\"en\":\"Save\"}','auto','y','{\"ru\":\"\",\"en\":\"\"}','n'),
(1603,387,43,'y','1','no','',1648,'{\"ru\":\"Вординги\",\"en\":\"Wordings\"}','auto','y','{\"ru\":\"\",\"en\":\"\"}','n'),
(1610,396,1,'y','1','no','',1610,'{\"ru\":\"Список\",\"en\":\"List\"}','auto','y','{\"ru\":\"\",\"en\":\"\"}','n'),
(1612,396,4,'y','1','no','',1612,'{\"ru\":\"Удалить\",\"en\":\"Delete\"}','auto','y','{\"ru\":\"\",\"en\":\"\"}','n'),
(1614,10,36,'y','1','no','',1614,'{\"ru\":\"Экспорт\",\"en\":\"Export\"}','auto','y','{\"en\":\"Export as PHP-code\",\"ru\":\"Экспортировать как PHP-код\"}','n'),
(1615,7,45,'y','1','no','',1615,'{\"ru\":\"Копировать\",\"en\":\"Copy\"}','auto','y','{\"ru\":\"\",\"en\":\"\"}','n'),
(1617,14,20,'y','1','no','',1651,'{\"ru\":\"Авторизация\",\"en\":\"Authorization\"}','auto','y','{\"ru\":\"\",\"en\":\"Sign in on behalf of this user\"}','n'),
(1618,403,1,'y','12,1','no','',1618,'{\"ru\":\"Список\",\"en\":\"List\"}','auto','y','{\"ru\":\"\",\"en\":\"\"}','n'),
(1619,403,2,'y','12,1','no','',1619,'{\"ru\":\"Детали\",\"en\":\"Details\"}','auto','y','{\"ru\":\"\",\"en\":\"\"}','n'),
(1620,403,3,'y','12,1','no','',1620,'{\"ru\":\"Сохранить\",\"en\":\"Save\"}','auto','y','{\"ru\":\"\",\"en\":\"\"}','n'),
(1621,403,4,'y','12,1','no','',1621,'{\"ru\":\"Удалить\",\"en\":\"Delete\"}','auto','y','{\"ru\":\"\",\"en\":\"\"}','n'),
(1627,405,1,'y','1','no','',1627,'{\"ru\":\"Список\",\"en\":\"List\"}','auto','y','{\"ru\":\"\",\"en\":\"\"}','n'),
(1628,405,2,'y','1','no','',1628,'{\"ru\":\"Детали\",\"en\":\"Details\"}','auto','y','{\"ru\":\"\",\"en\":\"\"}','n'),
(1629,405,3,'y','1','no','',1629,'{\"ru\":\"Сохранить\",\"en\":\"Save\"}','auto','y','{\"ru\":\"\",\"en\":\"\"}','n'),
(1630,405,4,'y','1','no','',1630,'{\"ru\":\"Удалить\",\"en\":\"Delete\"}','auto','y','{\"ru\":\"\",\"en\":\"\"}','n'),
(1631,405,5,'y','1','no','',1631,'{\"ru\":\"Выше\",\"en\":\"Move up\"}','auto','y','{\"ru\":\"\",\"en\":\"\"}','n'),
(1632,405,6,'y','1','no','',1632,'{\"ru\":\"Ниже\",\"en\":\"Move down\"}','auto','y','{\"ru\":\"\",\"en\":\"\"}','n'),
(1633,405,39,'y','1','no','',1633,'{\"ru\":\"Активировать\",\"en\":\"Activate\"}','auto','y','{\"ru\":\"Выбрать режим\",\"en\":\"Select mode\"}','n'),
(1634,405,36,'y','1','no','',1634,'{\"ru\":\"Экспорт\",\"en\":\"Export\"}','auto','y','{\"en\":\"Export as PHP-code\",\"ru\":\"Экспортировать как PHP-код\"}','n'),
(1635,406,1,'y','1','no','',1635,'{\"ru\":\"Список\",\"en\":\"List\"}','auto','y','{\"ru\":\"\",\"en\":\"\"}','n'),
(1636,406,2,'y','1','no','',1636,'{\"ru\":\"Детали\",\"en\":\"Details\"}','auto','y','{\"ru\":\"\",\"en\":\"\"}','n'),
(1637,406,3,'y','1','no','',1637,'{\"ru\":\"Сохранить\",\"en\":\"Save\"}','auto','y','{\"ru\":\"\",\"en\":\"\"}','n'),
(1638,406,4,'y','1','no','',1638,'{\"ru\":\"Удалить\",\"en\":\"Delete\"}','auto','y','{\"ru\":\"\",\"en\":\"\"}','n'),
(1639,406,5,'y','1','no','',1639,'{\"ru\":\"Выше\",\"en\":\"Move up\"}','auto','y','{\"ru\":\"\",\"en\":\"\"}','n'),
(1640,406,6,'y','1','no','',1640,'{\"ru\":\"Ниже\",\"en\":\"Move down\"}','auto','y','{\"ru\":\"\",\"en\":\"\"}','n'),
(1641,406,36,'y','1','no','',1641,'{\"ru\":\"Экспорт\",\"en\":\"Export\"}','auto','y','{\"en\":\"Export as PHP-code\",\"ru\":\"Экспортировать как PHP-код\"}','n'),
(1642,407,1,'y','1','no','',1642,'{\"ru\":\"Список\",\"en\":\"List\"}','auto','y','{\"ru\":\"\",\"en\":\"\"}','n'),
(1643,407,2,'y','1','no','',1643,'{\"ru\":\"Детали\",\"en\":\"Details\"}','auto','y','{\"ru\":\"\",\"en\":\"\"}','n'),
(1644,407,3,'y','1','no','',1644,'{\"ru\":\"Сохранить\",\"en\":\"Save\"}','auto','y','{\"ru\":\"\",\"en\":\"\"}','n'),
(1645,407,4,'y','1','no','',1645,'{\"ru\":\"Удалить\",\"en\":\"Delete\"}','auto','y','{\"ru\":\"\",\"en\":\"\"}','n'),
(1646,387,36,'y','1','no','',1594,'{\"ru\":\"Экспорт\",\"en\":\"Export\"}','auto','y','{\"en\":\"\",\"ru\":\"\"}','n'),
(1648,387,47,'y','1','no','',1646,'{\"ru\":\"Импорт\",\"en\":\"Import\"}','auto','y','','n'),
(1649,13,36,'y','1','no','',1649,'{\"ru\":\"Экспорт\",\"en\":\"Export\"}','auto','y','','n'),
(1650,16,36,'y','1','no','',53,'{\"ru\":\"Экспорт\",\"en\":\"Export\"}','auto','y','','n'),
(1651,14,36,'y','1','no','',1617,'{\"ru\":\"Экспорт\",\"en\":\"Export\"}','auto','y','','n'),
(1679,389,36,'y','1','no','',1679,'{\"ru\":\"Экспорт\",\"en\":\"Export\"}','auto','y','','n');

/*Table structure for table `year` */

DROP TABLE IF EXISTS `year`;

CREATE TABLE `year` (
  `id` int NOT NULL AUTO_INCREMENT,
  `title` varchar(255) CHARACTER SET utf8mb4 COLLATE utf8mb4_unicode_ci NOT NULL DEFAULT '',
  PRIMARY KEY (`id`)
) ENGINE=InnoDB DEFAULT CHARSET=utf8mb4 COLLATE=utf8mb4_unicode_ci;

/*Data for the table `year` */

/*!40101 SET SQL_MODE=@OLD_SQL_MODE */;
/*!40014 SET FOREIGN_KEY_CHECKS=@OLD_FOREIGN_KEY_CHECKS */;
/*!40014 SET UNIQUE_CHECKS=@OLD_UNIQUE_CHECKS */;
/*!40111 SET SQL_NOTES=@OLD_SQL_NOTES */;
